Latitude,Longitude,AQI
0.4068720589699206,0.611039632160691,53
0.49558032380704586,0.6460134753334412,47
0.5426066039467564,0.6151179799017914,69
0.5275202955420967,0.6432135805859054,69
0.4705550426914792,0.6404056187732026,48
0.42625580695513277,0.6246673640832567,52
0.5179616852345811,0.6428313128506902,65
0.5041132731457779,0.6289801451169028,74
0.5292495251198307,0.620142919427433,63
0.5401587847548509,0.6278718078336829,45
0.540151401548895,0.6328004646629537,74
0.4155506038571397,0.6075449761619067,59
0.46824470388634143,0.6379019655210605,52
0.5352265167587321,0.6264112143186469,71
0.4697138982232697,0.6594627381754679,52
0.49660550741337517,0.6287990319252337,67
0.46627287870945644,0.60562329682192,43
0.4954066275220971,0.6368208945812766,15
0.4893696473348029,0.6181218922431413,46
0.5130185970228368,0.6212750873937676,65
0.5739020408963417,0.25413299831827807,22
0.45498803029558565,0.24879974196170007,51
0.5838513882845834,0.20173557433596767,44
0.486709370026679,0.22527663465349823,57
0.48122609846192554,0.24324961796804545,25
0.5025467923407131,0.2032148113606913,58
0.5673466450839434,0.1810680228408088,51
0.5445125849291456,0.24032123962935836,58
0.46787471616028486,0.21906639231683966,54
0.48304567684013044,0.21206108092071396,54
0.4335956365761987,0.22273490283278963,43
0.5319856394098222,0.18862711552468459,42
0.47623355549994095,0.1602162087986858,47
0.5348381983144396,0.5490848748220531,65
0.49095127644174286,0.5426809387140177,54
0.5240493294903322,0.5231517023225334,40
0.5768515362032961,0.5634041007502675,60
0.5564395813162119,0.5720872774938381,61
0.5535087349691293,0.5344513364988117,61
0.533276459309752,0.5248126419904517,61
0.5244131115044862,0.5406713637307985,67
0.5846660550486745,0.5317740308271697,42
0.5001215364808026,0.5072833135771637,59
0.579733341514265,0.5770087261730221,59
0.5390169337647502,0.5110584137704499,32
0.5766618641882179,0.5213082347792839,50
0.535196251979145,0.5654701283481858,57
0.5369126245947832,0.5041640539929515,55
0.558428177827316,0.5231306504823265,59
0.5424019745747847,0.5369196731838226,68
0.5625620412069455,0.5008285330646602,58
0.4935319615166939,0.5303352133356436,46
0.5834437525729838,0.5051248768214727,56
0.5580833630146699,0.5464468939879179,56
0.6346368977499809,0.03588164904689384,42
0.6565366959338651,0.05722183209887577,35
0.6878821286444715,0.04199065729436491,39
0.652057253961663,0.05863902514014141,37
0.6834785236541373,0.036431977832850126,34
0.6466271287501278,0.03417510267235091,44
0.7589578655711687,0.0013159252691337109,17
0.6757067128363147,0.07059087900897776,43
0.6009983112825826,0.0784550044367176,47
0.6939318066730434,0.033189977599494824,35
0.7347978516398229,0.0,37
0.4858246582784961,0.14530727872259197,79
0.5981713390055027,0.12318395037343599,45
0.5567898698849977,0.09055198127120523,45
0.585239049114359,0.07741098473569785,38
0.6784983602917946,0.020880225605666602,42
0.5396507756312451,0.10158083825800435,41
0.6095807471957185,0.06992481562629926,37
0.6447523354480703,0.02765531407728794,29
0.631114408377342,0.07279776868008936,44
0.6820932178124682,0.01615299278349669,41
0.6227791189187525,0.06279223322501792,47
0.6343585636151029,0.0875012159542905,46
0.5892241345291412,0.05129097294397278,42
0.6555290156175174,0.031424688170038184,37
0.684887920387654,0.05231789855074398,45
0.5079825822533698,0.1050304938431621,44
0.6833156794089769,0.0680248112609898,44
0.7073586440665883,0.05419120918267106,39
0.5090611031578992,0.13383463210275637,56
0.6637236740971423,0.04494972079533799,50
0.5973639281507134,0.05061232898158696,42
0.5345977985825773,0.11513773494864155,62
0.49342003593329975,0.11394689129328239,39
0.6381849737501569,0.029692458550442336,39
0.6372951383116342,0.044235760265820545,41
0.551162243914138,0.06165780850141367,44
0.6291783535603476,0.03298789677497904,41
0.5373009112149117,0.05946361730031491,45
0.6251220774915839,0.03555664231704192,39
0.6141878995364619,0.03313874584116672,40
0.726466603850011,0.04354598409033272,44
0.7642387672795662,0.025742543876077217,38
0.6488957460767809,0.03240508078921556,43
0.6664487454023632,0.02122434740642687,40
0.6293496630330263,0.05601628583831575,40
0.6818740447977295,0.04283714336835365,33
0.7176220959495988,0.034850630962386386,41
0.7343035269065669,0.022843654955151838,3
0.6000017694234964,0.09068122272860402,45
0.6450537102773973,0.06372053517078724,40
0.5250253447638941,0.08911818253838444,44
0.6626419707762526,0.04022922456203437,38
0.8644174790526992,0.9634317409743858,42
1.0,0.356655982212172,36
0.7041301463173205,0.32356274202879676,48
0.6287535009762381,0.3081808360484033,73
0.6955302389383663,0.3234389066839627,48
0.622351624929064,0.28887235767406616,57
0.7079201814333757,0.31870199001529764,61
0.6691583819882364,0.270962950916944,56
0.7013818751968327,0.32220126057745513,54
0.6945628161889777,0.32161416685776145,64
0.6761319473103872,0.32579634227476273,58
0.6848213124132315,0.3288689846640207,18
0.6597195896566889,0.31868076976036885,23
0.6918948692574253,0.2712965973220174,31
0.6732440317600062,0.2893476745429966,65
0.7264128210135209,0.29448156155207794,26
0.7011261043939497,0.3197203769956809,61
0.6223282023446518,0.2743056631538501,58
0.718133128368747,0.31352859291251556,80
0.6794880281315424,0.26274257782848487,64
0.6201232969935332,0.2639334888497329,48
0.6835373983568039,0.29208562635590685,44
0.6483286713055266,0.36282356509983504,22
0.654005147367518,0.329250225069434,42
0.7247229897503281,0.2918707123296014,33
0.6347945228323099,0.2755527404847704,44
0.6436563749018861,0.27534188525325676,46
0.6930980454107903,0.3050794789491029,15
0.6693370428427076,0.3197638953597568,31
0.7215777121888839,0.32713987071677564,64
0.7459592222989117,0.8599094683295445,46
0.7660791586607681,0.8678483530522274,45
0.7672445595319354,0.8566388375935075,48
0.7586792131946548,0.867876175164245,48
0.7519616096203684,0.8629690080534573,46
0.7512013621760397,0.8773918595599068,44
0.7721788006261977,0.8719511209279678,44
0.7678529738917109,0.8783119428672594,46
0.47322811331337167,0.1445539428311513,85
0.4431699998446982,0.29841478632752705,91
0.4333122742234714,0.2461364315534278,50
0.677033844106916,0.81858450390547,38
0.7029305026461158,0.8182557246858528,42
0.6704270204461341,0.8252124484347807,40
0.6749705562838341,0.7940572575023372,47
0.38098380200991244,0.7018026707610756,49
0.3974404270751838,0.7026428749659466,43
0.3956346603839829,0.6492005050016478,53
0.3372841653400235,0.733391714857978,58
0.27066794845911224,0.7416067323582887,54
0.35859728506787336,0.6992195089188398,34
0.2723387488724699,0.7149397095506238,36
0.3967067209833006,0.6996441497980237,43
0.3993233673631237,0.7192738287295037,64
0.4077596030686641,0.6224363911069482,56
0.4046161076603818,0.6966876630422922,12
0.30158935601386316,0.7211813107084548,35
0.3289925386338982,0.703707929665701,56
0.4180465730085775,0.649377037312888,37
0.3225928266298491,0.7360851715014269,51
0.3440642397474639,0.7147313131740465,49
0.2829022389699358,0.7121280426140444,51
0.4050340225768255,0.6705551885611645,55
0.3945504429541684,0.659710779377523,32
0.3108711279221902,0.6996518631922757,37
0.3646431441968129,0.708376806786817,58
0.261342100084194,0.7362032639042524,67
0.4119981042982226,0.7191128747800168,19
0.3463714916087318,0.7208082720999862,77
0.33845109377104377,0.7161943150196022,51
0.27828544390762033,0.7421922598210711,53
0.33796469325452494,0.7049243555172799,51
0.3205772750521726,0.6976112493758553,49
0.32831127876363386,0.7105396560082156,61
0.3811030789750991,0.7158567277100423,23
0.4040308294675462,0.6277176915218952,36
0.3048144485776254,0.701529468399605,40
0.3511362690318046,0.7216830855301575,87
0.30986335213335203,0.7368817057689725,52
0.36579307852446885,0.7260291284713307,64
0.3939839728420227,0.6736755428410675,46
0.47943073827222304,0.6824350451364929,53
0.41461296852488394,0.707913531570485,41
0.45764684369218356,0.7244883021828974,54
0.5334382851816765,0.6526618317270163,18
0.5166167324323617,0.686963615952997,53
0.505952359736272,0.6698086397830065,61
0.5188281299128553,0.6661589917158821,67
0.43919328418494363,0.697441217872871,46
0.5303100017235968,0.6753867206204562,44
0.5151986795263447,0.6716749106795683,67
0.4412460382098732,0.6747081103410144,50
0.5101021351977032,0.6633126818710582,39
0.5010162410163569,0.6693323461086904,26
0.5267129483356346,0.654413698503157,69
0.512594667339472,0.6698256328284216,59
0.4282683034131034,0.7185761875865146,45
0.5171657629028527,0.6752251435364991,60
0.5278618642900553,0.6795315079692501,57
0.5003227924914323,0.6736637538105517,30
0.41804622294277793,0.6882907576425927,44
0.5433258300442,0.665839003744735,54
0.46836340801658316,0.6606993737936455,43
0.5160614644258043,0.658783824749527,40
0.4921997065557523,0.6695647247416319,37
0.5003212331074159,0.7096945846178886,59
0.5052426808879097,0.6752165880686389,27
0.4532337551010953,0.6750245616030064,33
0.5494863834587672,0.6544798181228793,63
0.4854739559955835,0.6964829381066469,58
0.4827520352825593,0.687609099056689,58
0.8235135633312313,0.13369835090999205,36
0.800831240788496,0.1970747474385468,16
0.9421258172126975,0.12784056690281553,13
0.8054527140028612,0.19792266503766975,7
0.83094278702786,0.14016483624565046,19
0.9723881463392156,0.1278247190775077,31
0.9863266844593445,0.13123041842031302,23
0.819411174049406,0.1785175502960461,44
0.827205261781751,0.12694990564733644,37
0.7939754566958425,0.2117083699691491,13
0.8420008882760547,0.1555152655145664,6
0.8138739605273445,0.13993375440606592,39
0.906890835226447,0.13699863947851254,37
0.9537651231607863,0.12456912777611473,28
0.9231981731402533,0.12129098574349162,16
0.8741914116511574,0.17299248641297393,9
0.913522290789858,0.12030687115896543,21
0.8019697502414184,0.19580811715844226,36
0.9491211502627531,0.13347595927004496,37
0.7908792838188387,0.163615390491763,8
0.8651952297870101,0.1358639789742977,23
0.7071499730258392,0.5516906379199356,51
0.7109615531006538,0.6027493838042164,58
0.6841680578069383,0.6146093674423896,44
0.7683234305022645,0.6131917702057921,54
0.765644727003414,0.6064541034853226,44
0.6795949891454144,0.5997781439188679,50
0.6455784270868953,0.6007174938703781,54
0.6368209900981027,0.5886567935669351,17
0.6809755213625429,0.5698820719699431,61
0.7744942949458392,0.6044247902967255,45
0.7504309946476849,0.5913491386732208,48
0.7877591155224778,0.6122292127056379,48
0.7050439771752007,0.5934346350129627,49
0.690062465741288,0.5785443316050842,49
0.6739629714399774,0.5728469963032297,67
0.7799774073897746,0.6049438781518144,45
0.7256813107889261,0.5922504268976365,53
0.7330069150088611,0.5823146319788031,51
0.6512434464499893,0.5789027181327686,66
0.757486793608588,0.5666271206444924,51
0.6624886101318465,0.5754604727953638,57
0.7039329001513049,0.5813328583589077,52
0.7481562670816199,0.605806835185581,53
0.7835907229253382,0.5915453418239505,54
0.7427164673243493,0.6570263666046272,51
0.7092096965425975,0.6360469278864331,50
0.7264814020860869,0.6333920213727715,47
0.654254807930989,0.6470806857416325,57
0.6659760292761939,0.6221217081995336,14
0.7157529355244993,0.6530159742037152,54
0.6581022220140215,0.6270489671866146,53
0.762359073056314,0.643220552955382,52
0.6554045194894996,0.6455189086618254,55
0.6591682678464182,0.6180178961525187,44
0.6769955278139373,0.6260258309110807,54
0.7110680367520718,0.6426977431349443,45
0.7072091659701417,0.6453892798505665,44
0.701602925837224,0.6359946182738867,46
0.7095856035630844,0.6507314116629754,65
0.7247318368678098,0.6404680669519927,52
0.7398204684364128,0.6531542258487228,40
0.6749383502302669,0.6413498190686964,49
0.6907333191100539,0.6401392035250146,47
0.669211496517291,0.6177008554390007,52
0.7517951055963937,0.6473749736262548,49
0.7611316787144463,0.6311691996689912,45
0.7613446778414462,0.6184202557640275,56
0.7128453844651746,0.6480960244155538,58
0.7016593500792933,0.6408730369916873,61
0.6957767807338043,0.6346575232742411,50
0.6454502393558993,0.6298484072144017,26
0.7574037643657457,0.625254205180868,44
0.6458375394269565,0.6137663338701946,50
0.6972873783075809,0.6283156985155522,18
0.6969776018990624,0.6448840693685418,46
0.6509648258976389,0.626147173718034,57
0.7647385975931259,0.6408446085866717,54
0.7230193149759677,0.6283485899106918,47
0.6463249901408742,0.6162739617097679,56
0.6929238399392236,0.6191057878885295,52
0.7352516005644844,0.6484083326753933,40
0.6436464775870055,0.6205733369315702,51
0.6626483992573006,0.6383208971411805,52
0.7450782339778704,0.6535411923546723,18
0.7886208502245388,0.5358623992442086,51
0.7965767001804812,0.5330133779223662,67
0.8098980404716801,0.5213035696914938,56
0.7689521486784191,0.5723494486910403,40
0.7920512404677084,0.549429569232867,13
0.8174031647985035,0.4942065167335521,54
0.765937191066932,0.47515965378783576,71
0.7620218960429327,0.5500192733807465,44
0.7220420585600255,0.5519133663893259,17
0.7700838477603299,0.5475159064336312,64
0.7401230525839567,0.49037565442592546,52
0.753866508581195,0.5573540881797925,68
0.8086911408911733,0.49629430351350856,50
0.7603010680443899,0.5139845858762835,55
0.7495130584726998,0.47604064803829194,57
0.7633566651127989,0.5665497509213633,71
0.7692025411976527,0.513232075216979,43
0.7312149600046643,0.5417477527413201,74
0.7501928862556021,0.5149805063327977,46
0.7894140993265245,0.4677583656981519,54
0.7950604379055831,0.5137680382271779,57
0.7086174806820963,0.48155873955188744,51
0.6594497207493292,0.464851578126781,42
0.6775964634952657,0.4873629003116886,48
0.6383764915667239,0.4066189882344129,33
0.6766448255310246,0.49640385728994607,51
0.6877232305955981,0.491940917690471,42
0.6499578775370544,0.4956464120792967,48
0.6153058187555326,0.4807989702180797,18
0.6353323193730488,0.48313873910457805,18
0.6807069572458911,0.4640246618434487,49
0.6361520461791529,0.4521472641230566,58
0.6787306766861015,0.4794796261300964,54
0.6289860083155266,0.45127905254997414,56
0.6701407302703551,0.41090962273216114,47
0.6811881067754154,0.49726964369103643,55
0.6013479951922601,0.6808192069310339,63
0.6748586307004397,0.6620292269602599,29
0.6602516578479788,0.6992863864048093,79
0.64519723725525,0.647557636233363,59
0.6795459162851375,0.6687784806135793,74
0.6532353844982718,0.6934307749475423,67
0.6109996275299893,0.6204190016806443,61
0.6373961482069123,0.623876286452693,55
0.6180034894558909,0.6402984059613961,52
0.6477030718974052,0.6680084042988061,92
0.6526168182303068,0.6622681569258737,74
0.6106022710232334,0.6007091236587114,54
0.6630775162793326,0.6977579722813623,35
0.6436696774022727,0.62759594451961,48
0.6362648946632917,0.64518788952641,61
0.6089236736897928,0.6878146323829983,21
0.6415345942661005,0.618054240049452,58
0.6532789836024088,0.6472203015458857,75
0.6421796700623473,0.6664818932617136,33
0.6797649620032217,0.6675471163761895,83
0.616587982482962,0.6753234303680578,75
0.6187546033652654,0.6023870563720453,64
0.6373101911410187,0.6715898780866041,77
0.6148012466415963,0.6031185151911427,17
0.6159212344313011,0.5982825201417272,62
0.6331086695895677,0.6215886250810749,49
0.6431321672790061,0.6921154559714069,42
0.6583695768124561,0.6520650878437715,42
0.6228248502418511,0.6897051044750622,71
0.6291677242897039,0.7010562567146952,71
0.6169275144844498,0.6660899922044194,40
0.6579146503937415,0.666958624814306,26
0.6045360444295876,0.6331688887080491,42
0.6069334223221813,0.6115161616156175,54
0.6135985478506852,0.6356607697711474,59
0.6362326886097246,0.6587306056974835,42
0.39834875235276046,0.5590774591850292,31
0.40670230888125847,0.5223897099143995,40
0.47175500460432007,0.5122023876087725,84
0.4699159816621531,0.5119148699959608,82
0.39938921155761975,0.5200174033036771,63
0.4057423966344803,0.5554802723037007,62
0.4388553115674726,0.5339026413356556,42
0.3975318578972171,0.5563778217212956,58
0.3923526025673699,0.5707452647843203,58
0.3997929328970963,0.5413654176402163,58
0.38353285386624136,0.562451698657829,61
0.40107776985426835,0.5616751720592161,63
0.38963055455769136,0.5732898933382411,57
0.47091758356325253,0.5408791032899616,77
0.363008496033309,0.5887010866387306,48
0.41273534287226576,0.5523304454475078,38
0.38911850376530777,0.5766219786062106,56
0.3905428578557185,0.5684243078222306,30
0.3928926904478883,0.5607914326487973,28
0.3928706044783472,0.5649103683378169,29
0.38198578580097486,0.5549601402773374,25
0.4070569255362946,0.5689872508708389,68
0.38083426026513856,0.5622082383362028,53
0.40697275062356275,0.5549019866739495,52
0.4565210320805392,0.5343284274349469,67
0.8394237993315908,0.908561736256079,15
0.9194518326008262,0.9388884951726952,39
0.8226090887774505,0.908677858206661,42
0.852254060954221,0.908281612049548,8
0.8477709910273682,0.9420297665610282,41
0.8439178804190505,0.9157904160975374,36
0.8396460274660354,0.9265324291304116,4
0.8445639109402058,0.8976756444288276,32
0.8752703462698136,0.9339253133254848,38
0.8300089387710731,0.916687224490357,39
0.872407349039534,0.9582240546342748,17
0.8074091681087258,0.899546866718206,43
0.6806754831480871,0.7988357557657793,51
0.6873497103873817,0.803130331168014,43
0.6848656752972951,0.8013572946613612,50
0.6915969950860946,0.7935676085405936,47
0.6998295243204079,0.8133981220276487,41
0.6618176294664261,0.7974476816298881,36
0.6597943764411575,0.8092466486144052,39
0.6909116935470526,0.7879604424807138,44
0.6905116956347178,0.8061196587944686,41
0.6871647483485172,0.8145341466911089,36
0.6810956257559831,0.7924792452433622,43
0.6780941934140278,0.7971796664418445,45
0.6954122031155602,0.7821492251440756,49
0.7721601834904895,0.9117720745217628,42
0.7871877126649734,0.857365530275982,22
0.7629280891015481,0.8924778608743502,54
0.751622936871298,0.8989451546006728,26
0.798079819075811,0.8985556955568426,44
0.7791161818743314,0.8691376519538669,46
0.7824294910196031,0.8728601730710519,45
0.78609184759128,0.8871973856915392,43
0.779669731376054,0.8934086048335836,43
0.7755377456220772,0.8950798009580507,37
0.7830302994042772,0.8958609084370925,44
0.7816601736886472,0.8805831332790994,48
0.797364348229673,0.6402036895219367,51
0.8229384052224217,0.6782293084999316,22
0.8562122231265944,0.6408633531451922,44
0.77922470227222,0.6374902420510276,44
0.7696068035479106,0.6426785101737316,49
0.9159363127200165,0.6702551072101175,28
0.7983366719002566,0.6697568017316808,47
0.8101115169611336,0.6854573315239756,49
0.8313717131049106,0.6992444511391169,36
0.7964361010256803,0.6673848824748181,48
0.7817794506538339,0.6504211917456848,49
0.804250683519386,0.6482410800153164,52
0.9466773727396253,0.6065112971247972,13
0.8693223464439553,0.6489516722504007,44
0.772789156259953,0.6772889143771474,40
0.7892668170973666,0.6931298009984703,44
0.8350934217417086,0.637747562904246,43
0.8464616812883848,0.6613685696901468,44
0.7654176615961016,0.6852832412261993,43
0.8136034233125494,0.6374668492461895,44
0.7876667936238634,0.6901450205695006,50
0.8013951331433898,0.6451853801470571,48
0.82093243271799,0.6769272774453348,27
0.9094201242771779,0.6435441955259891,48
0.8032693217863388,0.7023882655897469,36
0.8242880361766908,0.6871825887740945,47
0.7805856944528956,0.683130160058657,53
0.7788905167302175,0.6906383746551206,58
0.8423352011147115,0.6471018217892004,45
0.8811909136666453,0.5213958104345453,61
0.922671483232612,0.5328360540619341,80
0.9371410393466323,0.5054313242489985,38
0.8604456006658124,0.5267021372771301,58
0.8669279600227403,0.5204670032446106,57
0.8705438214913924,0.488735261354049,44
0.962240120697596,0.5501523883767434,58
0.9067603561556717,0.5120253837363116,71
0.836480127846576,0.5340722854847799,64
0.8671103124801897,0.5242115361659163,54
0.827533782622632,0.47106417826954283,51
0.9770032865450239,0.5276917421815825,71
0.8617653487304578,0.5161838126775598,50
0.8859008580558289,0.5057266731463672,64
0.8721350296715774,0.5272522639654202,64
0.8345831212783233,0.5516719270443593,32
0.8750590338234848,0.5135451581845378,67
0.4407098647014781,0.5519235891629304,69
0.5102553367212915,0.5631632003324103,71
0.5444505278101183,0.5755458590592435,80
0.43317192966197904,0.5872604502682108,73
0.513068210893895,0.5788299798144854,64
0.3983713475089191,0.5826240266639577,58
0.40346340463049224,0.5913431936335463,61
0.46413881394651957,0.5721672239622084,74
0.40307890508583244,0.6000308333672411,61
0.4447797296881003,0.5899059929233483,71
0.46629054112025636,0.5967036152847274,74
0.5267676540728693,0.596118694114943,73
0.5021422435729829,0.6019737161206844,64
0.47266832627558253,0.5723305188763264,54
0.40789113233683816,0.5805431280461171,69
0.46345701306547415,0.5731080896462135,67
0.4648722972692577,0.5809538747107645,62
0.46496713327679673,0.5603980327004805,60
0.518424313100888,0.5787221101852644,42
0.6760711631579043,0.5362369535851723,51
0.701494660032644,0.4937295325588773,54
0.6698074994532611,0.49820897680107423,51
0.6361171668958431,0.5073890948638362,46
0.6880205637561475,0.4981904343402199,58
0.6709343930864679,0.5261924132805653,54
0.6177119801172811,0.5203803875532631,47
0.6786599633945744,0.49807980270956387,52
0.6201196690388825,0.5026312779282134,52
0.6595671200888632,0.5692519988132827,57
0.6543560087712487,0.5466824219761541,48
0.7271034053637212,0.5177702961970339,57
0.6925734240737832,0.5452108141383218,64
0.6870060094204616,0.49618102777172246,47
0.6742561992834218,0.5677753722167449,64
0.6663297230304853,0.5694402696306222,58
0.6450678720302009,0.5744550874314922,52
0.666523850428468,0.5719995839482719,58
0.6128563128829562,0.5729805660189751,58
0.6015214050597365,0.5261245589892101,43
0.8924121455774726,0.2789810579246943,6
0.9480324774500345,0.21695861470942268,17
0.9505798426256923,0.26006124704499545,10
0.9801150532621933,0.17119844859053046,31
0.8929934457498575,0.2186665420846834,12
0.9540784638756282,0.16839666759811234,35
0.9306003144736551,0.1930787713378086,17
0.9763357747134364,0.14498471400620372,29
0.8711584415630708,0.20930982434479262,9
0.9280677793582367,0.17120878925444027,33
0.9087243525883103,0.2645223677654762,4
0.9359364629300687,0.18537027795435135,6
0.9165519829890937,0.16959918239368266,9
0.9736754337569852,0.32098555890917924,11
0.8882394885424102,0.29461556914609965,27
0.9509671426967491,0.14885089288096154,16
0.9793752687550618,0.3315370780503881,12
0.8996587303991795,0.19625220993797776,15
0.8843852322642028,0.23706802297554064,2
0.8939223930854495,0.2650056169677968,22
0.7368275013219759,0.47181628473351545,52
0.7387990082572248,0.404177092660702,26
0.7525714878916697,0.47386993384939213,58
0.765377722270779,0.3659313724829747,49
0.7387196069690337,0.43488581616603494,42
0.7351419026725424,0.4627832095642317,55
0.7454375924332833,0.39404384832219885,47
0.7453480074127389,0.4750305133792698,56
0.7693910038945141,0.40121370090138275,30
0.7586478663935051,0.4718294210818046,55
0.6829650725985551,0.07415187356662223,35
0.5751641872248644,0.14828938135748726,50
0.6788338188003412,0.07093488291943295,43
0.7360205041813134,0.14136224807515463,4
0.6901821882447651,0.07448130960365429,44
0.6776206498596046,0.16750814520959834,49
0.8227707237043939,0.8869690153289733,43
0.8025432534937204,0.873900083452863,42
0.8451740119806522,0.890211234501467,47
0.834812891739542,0.8835257258202944,42
0.8003572198716188,0.8805306720933035,45
0.8113427620267971,0.8863400200265317,39
0.8073826585804439,0.8993456953331878,40
0.8137738098844834,0.8965246140136678,42
0.8163548450252341,0.8727963775744887,41
0.6943326638377957,0.8370518012695509,43
0.7378784306766609,0.8443000509016656,44
0.7117661316048826,0.8303583939379326,8
0.7068327497630374,0.8263181247653986,47
0.6908961951793776,0.8275376662893279,39
0.7333887094996147,0.8414268957502096,47
0.7029278294163731,0.8243897425194897,46
0.7323675357378995,0.8439229198154607,48
0.7256796559324189,0.8312180837260992,58
0.7192269248718061,0.8301026898660417,58
0.7239904293283345,0.8375712259540831,49
0.7181177572977265,0.8447177194113733,44
0.7343474760765033,0.8334137064523319,61
0.7113450342720785,0.8373251552042709,44
0.7429714743473056,0.8404998737563247,50
0.7296951652476061,0.8412944375716269,44
0.731533551706501,0.8249218319910905,31
0.5560548908265704,0.29731850753837774,67
0.4935300202427141,0.26822370231067705,20
0.5011491068994024,0.33274351690897275,40
0.44819452609110433,0.2964782191261459,70
0.46678550233678495,0.33513475333440956,71
0.4796552259222836,0.2676081128200789,30
0.47775573706926966,0.3542267345840575,56
0.5757538253281135,0.3008469812132706,21
0.46319545026481534,0.27630518377818625,25
0.5824290072923163,0.2916404220392086,25
0.6073384802765293,0.26422521683058586,50
0.5596918835398553,0.2966319817670182,54
0.5715195885364782,0.30664804314219296,21
0.5141867984204015,0.29151773191448216,23
0.5941852988658124,0.3128842381874588,23
0.5455128820395371,0.29398879691798374,50
0.7945945003262617,0.8488905309698507,41
0.7352503912462675,0.8464540751916494,47
0.7888305078143599,0.7552270203501572,44
0.7764614101465109,0.7976102692021751,43
0.7661055090682319,0.8491594892803358,44
0.8045405061773249,0.7644440212369619,44
0.84822871797248,0.8464352127428239,47
0.867784571034461,0.8330987035569462,6
0.8190615537880558,0.8361092009139128,42
0.8265787394728851,0.8282083610768518,41
0.8393621877508542,0.8115726917010886,42
0.7321828601165071,0.8456842514989584,42
0.7961764794990013,0.8147510143281858,43
0.8100216455231167,0.7849404128505013,38
0.7293638757044917,0.8492854634921347,36
0.732215066170074,0.8447417353506814,48
0.8118785218210655,0.7693726780662327,40
0.8143869023963087,0.8158399839184152,41
0.8064203595213951,0.8101234830212365,39
0.7577739430367839,0.8411769683032717,48
0.8138013377860008,0.8033190230221579,49
0.7556143552946369,0.8496915113860479,46
0.7327089135408761,0.8478093084568175,42
0.7282694427181605,0.8426942165306732,44
0.8051391186947104,0.8507166517967697,43
0.7983580259140347,0.8458326248687376,39
0.8581588117417417,0.8287787817391017,15
0.7758395659896947,0.7907461903916304,31
0.7356319629678757,0.860676024776635,51
0.7856789608926856,0.8001097120862759,41
0.7775138352368852,0.8364787028132266,45
0.8121012909662911,0.7913932397522336,35
0.7427583479236518,0.8487839244510422,45
0.5848176971882463,0.7537279440712226,57
0.5789177200252659,0.7238116623556989,46
0.585352215840134,0.7093072307580792,71
0.5694528637037269,0.7002296772608061,71
0.5662985480798192,0.7333493585554813,66
0.5799452904438657,0.7179772206289441,54
0.5923887611820565,0.8090731646096267,40
0.5464949120800197,0.8006739014038244,37
0.5917562877545964,0.75272425969604,55
0.5733573385121008,0.7207568045610482,64
0.5742590125394843,0.7579062964740426,60
0.5514790852869763,0.7613859130381828,62
0.5760818369823769,0.7393305231877434,62
0.5759160012658381,0.7343384582157686,54
0.5487233354880413,0.778098227953772,55
0.5831167592919558,0.7622102188933295,41
0.5816121764851002,0.7844387222361597,35
0.5855157920410569,0.739973850582998,66
0.5850463538037388,0.7696280116257357,34
0.5582143512720629,0.724330952308454,60
0.5583653251041988,0.6798329703210146,58
0.586475958881144,0.7645025285112652,41
0.5854542441086473,0.7470841011921878,56
0.5688464224420949,0.691981465218857,74
0.5601314388875497,0.7022969679691367,19
0.5645166176871573,0.8076317030069708,36
0.5668542298005034,0.6892560939856545,64
0.5689675452087705,0.7696535938219553,37
0.5575378968505026,0.7847317638518414,59
0.5641177336205486,0.7222524283381886,58
0.5520959648742704,0.6859784235142523,40
0.5759596321941386,0.795857240364455,36
0.5720371767333287,0.7101761159900484,60
0.5612111054619687,0.7320499547705426,67
0.5792890125420304,0.7088367979160768,60
0.5585360617419327,0.746506068184519,59
0.5299262023105363,0.7801557506082468,51
0.5974002076972215,0.78383781850929,33
0.5429314968329865,0.7870717179945339,51
0.5788646691445386,0.7596418943880712,59
0.5892920791184352,0.8061722210290976,43
0.5917541237114715,0.7590473398962081,37
0.5690750472334237,0.787781788143981,54
0.5765971338394479,0.7460277872164873,47
0.5388634776478533,0.7607599492007309,55
0.5918153534022451,0.7461266129751554,42
0.5671704983383968,0.7325120847667674,64
0.5639971518646542,0.685784190815766,58
0.54933486861585,0.7346499075605277,58
0.5774060722540902,0.7677679047079864,65
0.5890484014977216,0.7157464665917739,0
0.561910982467941,0.7775405731274239,57
0.5736388550633392,0.705268157330069,58
0.9286872048786191,0.3500259156573686,28
0.9917707486545383,0.3636693606734649,37
0.9264953156104144,0.39398754728074903,38
0.9299427954294391,0.4598858700587458,51
0.9420183470122078,0.3643618820089156,45
0.9505472228579984,0.3513568972026182,50
0.9513578479533119,0.37262200097168563,9
0.9415540642893933,0.3771673964188833,49
0.9379649987664956,0.38287476923814845,45
0.7338795972232018,0.6754963417627822,35
0.7716475280389977,0.734107847937405,44
0.6915292414417825,0.7116073211361555,57
0.7125865267184223,0.7317971305903921,13
0.6882266888638086,0.6668465111340995,73
0.7093146526341626,0.6796803865831942,37
0.6800927508883398,0.6739620331240772,29
0.6910636539282603,0.6799438545737533,34
0.7296337127876872,0.7349306717430009,15
0.7384634861003511,0.69327009046161,42
0.7562865134541107,0.7154209714592288,47
0.7206333619581077,0.692152995612864,43
0.6976946957775446,0.6888431579296255,34
0.7120728528936949,0.693907843329578,55
0.6758665656100961,0.708237207824036,76
0.7574971046375955,0.7227045208170029,48
0.6986446470611151,0.6773542424476777,32
0.6807967013872537,0.6671063750496151,82
0.7195314821174933,0.7335437933516336,57
0.7191481600668871,0.6984221831021025,41
0.7651321033760855,0.7223136639309828,46
0.6621834800512142,0.6988666800769698,77
0.7101104794934002,0.7027795435125708,41
0.7550914206383014,0.7073519189981778,55
0.760855158556894,0.6824137575156757,52
0.7025411976527517,0.6852128101896027,37
0.7441598840887583,0.7326651737487531,52
0.7443161407320525,0.7115600134408422,45
0.711987564135237,0.6744721949989181,39
0.7019824289881978,0.7291291719358022,18
0.7016292125963605,0.6739603321353884,74
0.7073733468301734,0.7212090991375282,49
0.7469128651854599,0.7213474349898967,51
0.7040506177324749,0.6642542043724775,76
0.6696480285694427,0.6946280352037968,77
0.7485422305378057,0.695561608530354,11
0.7347640225539122,0.720631436642247,47
0.744494865234851,0.718432832975441,45
0.7487582529603475,0.732593597492049,49
0.6908257683053226,0.673002961808661,31
0.6912094722458925,0.7191587677916682,40
0.7531255465800101,0.6829384704224679,39
0.7395872927896886,0.687084520881674,22
0.5740525691901871,0.49669548422196597,45
0.553723579897618,0.43635112529327746,68
0.5696706682794307,0.44072195888147836,66
0.5261080028096917,0.4496533115588819,71
0.5773414373778113,0.49136908234455956,61
0.5603481296175271,0.4492968112760798,47
0.5383455075610394,0.4334393358046733,66
0.529379272234843,0.435427488435298,48
0.5853420639319441,0.4682081508952791,38
0.5665829288057819,0.4243176913332707,27
0.5870266123839788,0.42491248160574413,43
0.5847078401754863,0.4080069950044154,67
0.5953612653592962,0.4425066496868699,59
0.5266121612095015,0.46283055094248926,35
0.6030775748357938,0.4561960045560898,59
0.571562805750652,0.4632226372559771,66
0.5916826148158542,0.4858973048794193,54
0.5552417516223324,0.44947036264674667,44
0.5742001378368174,0.4847680336462974,56
0.5697052611452676,0.44944865398912515,70
0.6113341631377912,0.49384604186331904,53
0.5927435687820742,0.4609256457087796,59
0.5465206260042116,0.4779220762598029,66
0.5542893498781646,0.46602953805593383,68
0.5885060541015873,0.47468637473703756,60
0.8766540609033021,0.02650761827361725,40
0.8928605480426487,0.023409646310222243,31
0.8386126014013325,0.047990549643674996,18
0.8234116305352087,0.0860589291194982,12
0.7802462897480623,0.023146919344438466,33
0.7762487610853112,0.008101034416693409,22
0.7789862119901737,0.04093708847862754,17
0.7789518100693181,0.06413453223956278,6
0.8374158855531791,0.018161220448942306,42
0.8561723474495989,0.018031204283823765,29
0.8623653296868784,0.021001568412619687,38
0.8862678224863431,0.025164527709880424,39
0.8891593978155387,0.0899177482709197,18
0.8785614739730533,0.10211712125617445,20
0.8709442967661815,0.12323396954576804,6
0.8875741725781111,0.049829082635579613,31
0.8833661270731216,0.0226633838370911,31
0.706736577140627,0.7890637273222842,55
0.7186490298849265,0.7456859726974139,59
0.7351925667409996,0.7510850286857429,54
0.7310725786967013,0.7376965298752896,51
0.7255475538292998,0.814722872228197,51
0.7263166483911104,0.7711923486093122,58
0.7126941242155663,0.8299456936625138,58
0.719138517345315,0.7620277752253592,64
0.7339314706098757,0.7838014577708843,58
0.7040137335268583,0.8150238124943245,48
0.7448453765727822,0.7685758406521881,64
0.7171274211505428,0.7911340494956047,52
0.7179451112101763,0.7996450727106985,58
0.7040485809860043,0.8216886903720944,51
0.7601406742598272,0.7645057115495046,49
0.7774412761438688,0.7431045118438664,43
0.7080442638472667,0.7862701312853386,50
0.703213960471334,0.7392805040154113,50
0.7551970768614654,0.8174689584721633,46
0.7107670119885444,0.8063489217550595,54
0.7409739034220651,0.7379201846256493,47
0.7287564797179514,0.8206782020421566,54
0.7477626021778422,0.8110645339614351,49
0.7517370901461443,0.7867159755779793,50
0.7546981376244869,0.741311080314421,47
0.7128532450335848,0.82275531132876,44
0.7292692306419343,0.8222173273419011,61
0.7238237343593784,0.7914909876566831,61
0.7095647587359241,0.8263153796054354,51
0.7353953821356459,0.8075465356822293,5
0.7088936189496856,0.7563606198416257,50
0.7616237757562506,0.7953037116987873,48
0.7234524736667777,0.736667330669776,54
0.7189785054507155,0.7520800733857045,55
0.7081768751370031,0.7993409999307479,59
0.02294385351923056,0.9697435879126195,30
0.021874211556346723,0.9766533913200941,39
0.021931304105851757,0.9801033332102784,27
0.02287310840353962,0.9771492379435944,31
0.021370212277355027,0.9859538753844237,35
0.007810286231619279,0.976756275873554,42
0.010585894308642985,0.9660242666751462,53
0.02269629335055745,0.9775843710599377,54
0.01403337412766792,0.9824217302685989,39
0.01744075550055213,0.9651516763193004,51
0.023115831299345024,0.971158541038087,31
0.015761171618039804,0.9602348422034899,55
0.009454449820040733,0.9689715916700192,51
0.020707283125326326,0.98197730065962,21
0.023465228791549997,0.97865104254102,53
0.012260831863269206,0.988360454391003,31
0.7606854402923954,0.8832021674570483,50
0.7678714000824375,0.8892487612086737,51
0.756862498991174,0.888192211452363,48
0.5286898653786963,0.7035646929449324,41
0.49740378473321034,0.7136299145773588,26
0.5430619440795982,0.7018130114249854,48
0.4967074083852344,0.7190729773324565,31
0.4685283208323777,0.7323387354937665,51
0.4927814522664281,0.7441460558484776,52
0.47986096913998144,0.744450431774927,56
0.5543107993644333,0.7131611153581561,43
0.5435724991362921,0.723482293684556,61
0.537920432207785,0.740406912198265,65
0.4867630573906784,0.7275021173098808,37
0.5274289283683905,0.7480517279754637,49
0.5100614320924542,0.7125368356679209,54
0.5236717676133381,0.7462741947957428,65
0.4984147747625728,0.7557846920179776,53
0.5469513024102605,0.7047992739035058,74
0.5251112700056241,0.7071557495303926,55
0.5088778277997054,0.762659700943958,55
0.5199604654780386,0.7243037196479623,58
0.5439636499311454,0.6892271434950017,52
0.5033757481542623,0.7291559667180174,57
0.5391373563998269,0.6959475813894458,48
0.5225141954864171,0.7291310244977403,67
0.5478327680937557,0.7099840726829436,61
0.5355021458397035,0.7174761194661281,44
0.5095473127294364,0.7510792015363736,43
0.5481184854345896,0.7230665619441474,54
0.8464530251158845,0.4608060880978757,65
0.8831213674308455,0.4324214540684552,49
0.8652091369465048,0.4552805358121108,58
0.8225007911487073,0.34825200339416296,17
0.8284827791812942,0.3742323656986908,41
0.8415315136870637,0.3510829706578442,33
0.8218638623383431,0.4628053224171853,56
0.838644934751554,0.3528787263104485,41
0.5808726465712776,0.6726300410904975,47
0.5703210268868356,0.6773723301887837,67
0.5590133923718245,0.6636935180811394,29
0.5969371661167878,0.6793106994276865,47
0.5875984289556099,0.630261781148707,69
0.5832199968786863,0.6472009338528952,41
0.5517814784895388,0.6546125457650165,66
0.5650776776914904,0.589300255693967,51
0.5836402031349092,0.6096119131993221,50
0.5853467739081576,0.683090498391707,48
0.581287442719688,0.6772197464509631,65
0.5538516403319592,0.6179497555561364,74
0.5704522060892102,0.594968859444307,18
0.5709065914971437,0.6257027946334717,68
0.5644855891276436,0.6663480877653578,57
0.5593703003666398,0.6604549871910501,48
0.598543268005539,0.6192036705247561,19
0.5929703159477503,0.5868055957879614,51
0.5875121854722442,0.6509680343469026,66
0.5800464276357983,0.6672473044886971,61
0.5734842851007159,0.6326200588131157,46
0.5680739863431058,0.6848443019371466,67
0.5560220164655679,0.5765142773917113,69
0.5991308375381542,0.7012873385542797,64
0.5914548174527786,0.6317061563260478,71
0.5890158772025188,0.6812513085823875,26
0.5803865324722309,0.6235362066052526,46
0.5839231517735098,0.6378843830241194,45
0.3779204398455842,0.43534511679493604,35
0.5000621207673547,0.5067817576945992,74
0.3595610798626113,0.4844341009361972,34
0.3688476572196425,0.35340633595045334,56
0.26804535096069526,0.4468389668282282,83
0.490726247780901,0.46104676957659474,61
0.4493882504678789,0.32591408100667274,43
0.47932880547620027,0.4608570167097046,82
0.4934844162162698,0.45414403958742966,48
0.44948776462746765,0.3674814952640433,66
0.4473144606708076,0.29743483158662576,71
0.46859394225772844,0.45702871430584713,77
0.3675959810409455,0.4935483014769029,59
0.46674024837614014,0.49598618878023815,84
0.3878907911818045,0.4856400682335613,77
0.4759789621911116,0.5051537599462368,45
0.3978702124046517,0.4392045927637718,28
0.27094675995644424,0.4357099367649877,95
0.4687645197746443,0.4439171398222135,31
0.4913846260775344,0.47234482065448935,47
0.41234212350677846,0.33914418577140815,19
0.38671078301954287,0.5026219140696893,65
0.4659414300455239,0.45009437287342746,35
0.4726681989789282,0.46894090650773346,79
0.30901132380119023,0.45238267422098755,65
0.5053160674091798,0.37580913168872554,58
0.40218830586738297,0.48397291406241383,100
0.3214031439218522,0.44960662699803855,72
0.3972194400831197,0.5102150265273397,70
0.48233653900254925,0.442192539389509,39
0.5568446392705598,0.3760652904803645,52
0.48449262608669985,0.4665574340009653,49
0.46563693644816373,0.48413078602249415,44
0.4788480060124757,0.4516843762605842,81
0.39941648486582815,0.4454436171763616,34
0.3540037216449885,0.45735670197627276,27
0.31173136688856173,0.4149427342790246,94
0.7567860255260345,0.20450998793611674,44
0.7643730334258102,0.2075644078524912,44
0.7374904622981681,0.20681122353430026,44
0.7161806841074966,0.23543296865034047,9
0.6334889046963047,0.20189105480700076,17
0.6640998357109381,0.24600776270608238,31
0.73183282614103,0.20323241069910436,53
0.6602191972011032,0.24152085769171605,51
0.7283056586163413,0.19696830933446008,17
0.7246719756160714,0.24008030552855697,9
0.7229751112127224,0.20813046657345025,44
0.6284191881375815,0.1841952484413556,18
0.6552500768235311,0.21672871177288955,20
0.7507682989577208,0.20503193884147386,45
0.8011770103260502,0.8574374096791848,39
0.8533940979669962,0.8638540105742889,39
0.8241052381809512,0.8619351269186817,35
0.0,1.0000000000000002,32
0.01979224294922932,0.999812992293073,31
0.0198630198890839,0.996879628878625,26
0.6714239441951836,0.7935322751319902,35
0.6729291316611478,0.7932818424408874,48
0.6013343108019104,0.7073081480120191,64
0.6520260662813314,0.7879228859977847,35
0.6042834560430651,0.7289379875437778,17
0.6247689883964008,0.789913042763597,50
0.6466722554141179,0.7694097629879413,10
0.6075730243622884,0.8065370578406217,39
0.6276423921281785,0.7866806590108482,52
0.6601300895430128,0.7772490977686533,10
0.6702447634611758,0.7925162291162378,49
0.6607076981124199,0.7813496594115403,40
0.6864009365978646,0.7760639633723581,58
0.6552523999874741,0.7860753765012152,11
0.6243018096746987,0.7343606047516666,49
0.613840666087382,0.8044071000143624,40
0.6330989632196685,0.7905942803126964,34
0.6315201664632891,0.7875380583587999,52
0.6315661842038601,0.7977263574698128,11
0.678244721707873,0.7860395041655026,51
0.6243974731104914,0.7569751483194771,55
0.6622807665193505,0.7701165658917886,47
0.6169854344622087,0.8030190764028882,37
0.6092123825020056,0.8060454889510513,43
0.6405546646204153,0.8064293903090669,11
0.6667561986469385,0.7689425468671227,48
0.6190762820109715,0.7722690744492773,36
0.6727754209509419,0.7835912593567853,43
0.6300620787594585,0.7858914507836945,53
0.6228289873831195,0.7456996311313402,34
0.6219642612096797,0.7440114419614579,70
0.6337529497817246,0.7519638167033453,54
0.6580312859533489,0.7620460145397148,8
0.623104552815764,0.7427997485635573,65
0.6609482887892636,0.7880411131323872,38
0.6106645190872423,0.8037427544618452,38
0.6087774416580339,0.8080684360631698,38
0.6752602516451186,0.7740951952761963,8
0.6833124015201258,0.774691214976138,10
0.6103459592095694,0.7226316982913585,45
0.9358699186039733,0.09734707741175952,24
0.913765363751463,0.11960232501238854,7
0.9071756614907,0.0834991263991558,26
0.9675976549919513,0.011747684701772343,34
0.8890353472258116,0.02652794593052077,51
0.9046645440373865,0.020212393868410672,34
0.9185384791054,0.08690199637463758,28
0.9361977074890914,0.08232785253445307,31
0.9311688531564352,0.005563917159358667,28
0.9679865462711884,0.023293945396444027,32
0.947651860453334,0.04023966627477682,41
0.9554608737184093,0.027049088445214142,46
0.9447747969427417,0.046061493738879467,12
0.889604076853573,0.053242495372637144,45
0.9130084260201493,0.020319960351132593,28
0.9453722001419106,0.02207661010536821,38
0.975410869046622,0.06806883486923088,39
0.9251801820494917,0.04078554891208119,46
0.9810375084684101,0.04570634077385094,42
0.8905021865746331,0.03837977829616568,36
0.9656037120213615,0.033524146090205154,37
0.9583785130375962,0.11600203930018171,47
0.9812105046217597,0.10540216829238536,24
0.93002095557525,0.026104803942359478,39
0.9020984344293662,0.09785956340975943,22
0.9941316878798058,0.027075866385957603,37
0.9394138574628811,0.11441321481607636,17
0.9191607051521794,0.06146829141513388,31
0.6917182769735882,0.7780466256830565,52
0.7218413117360135,0.7334509463155845,49
0.6591312245199835,0.702899050599058,75
0.6736228984277083,0.7294782619708511,35
0.6427226857659173,0.7331003068650963,58
0.7226969998469895,0.7339746487340468,47
0.6863085510509231,0.7379907840769675,54
0.6566319774796944,0.7163315224933358,83
0.6927805039063525,0.7414867873935251,54
0.7066074028605597,0.7313955288451306,54
0.6223203417762416,0.7229441581244476,66
0.6981257222493932,0.7450974137696418,52
0.7113155332724178,0.7316237307929747,48
0.6395158920962271,0.7235882433859497,72
0.6384150624530117,0.7318567494018584,61
0.6803377969480883,0.7494522479592853,44
0.6877538772651485,0.717610632304315,60
0.9193958220728836,0.5642895243079031,23
0.8534765225507298,0.6105725844545937,48
0.8147952064153442,0.5903476605308917,58
0.8079689233223512,0.5861576706708054,61
0.8185977484276955,0.6001327411153152,58
0.8759895723672572,0.6259655215992554,46
0.9234654324661972,0.5403112762144253,20
0.8626465598206442,0.5502669440704142,10
0.8937028063565841,0.6022856538681358,67
0.826630294617923,0.6019150572731313,61
0.8863827077169525,0.5954051546222299,8
0.7949849828136787,0.5635825193063901,50
0.7899210900768948,0.5810735165290293,64
0.8048180128839492,0.5952358978269652,51
0.7889924928071027,0.6122346693426197,46
0.8506804515365091,0.6173553189545784,45
0.8392037988885984,0.6095500376305856,50
0.8590893502855138,0.579181259240916,74
0.8014575721523803,0.6110753529231543,44
0.8899811295439498,0.5815324803284869,61
0.8463606395689433,0.6023691033627168,48
0.820612345280464,0.6122195120176706,47
0.7956493758772333,0.612414300484738,39
0.7891312461604146,0.591123715568284,54
0.8186010581407103,0.5807328640715352,74
0.825992856620941,0.6138007578393014,44
0.872362795210489,0.5304963356998522,67
0.8749775639646596,0.5652873815337165,64
0.8271019287225297,0.5657690476376536,77
0.9018785294588648,0.5811672056386867,64
0.7913885022606614,0.6006183312822666,54
0.8151680264919615,0.6053116116965507,49
0.8053932346410858,0.6054009051819729,52
0.8389736783615803,0.6000997991957591,49
0.752696397733814,0.30183623244680713,74
0.85733424766277,0.31782889441528694,49
0.7716470188523802,0.2929771633679388,18
0.8183312210575145,0.31620953634214555,23
0.799731493166843,0.25979350132050616,19
0.8471899772724555,0.2897561644503739,12
0.7454610468418591,0.3257790966072651,25
0.7631092640649438,0.2282507881135314,13
0.8000146009262615,0.30040154111596196,14
0.8602787147518748,0.2489124787763768,8
0.7765029725041773,0.32493784823112004,15
0.8625197405286836,0.2897771826076365,32
0.8039533821830004,0.24257521805664495,13
0.76065889893995,0.24201683904699367,33
0.8545706372954248,0.2317682979900444,48
