Latitude,Longitude,AQI
0.4213186143249298,0.6110365954293605,53
0.4682619781404201,0.6460093972616582,47
0.49314772899509934,0.6151148217383249,69
0.4851642331463986,0.6432095858805301,69
0.4550188955691407,0.6404017076744303,48
0.43157626433587637,0.6246639215884402,52
0.48010592970578836,0.6428273295272741,65
0.4727775139359033,0.6289765742097374,74
0.48607932097206086,0.6201396116472153,63
0.4918523720507251,0.6278682699270787,45
0.4918484649455196,0.6327967800063995,74
0.42591119756142753,0.6075420434833864,59
0.4537962916182489,0.6378981289681537,52
0.4892422742046853,0.6264077199009751,71
0.45457377187221076,0.6594582596540866,52
0.4688044931709864,0.6287954664106838,67
0.45275282507283726,0.6056204213610873,43
0.4681700601222656,0.63681709021708,15
0.4649753616598462,0.6181186446386769,46
0.4774901059297058,0.6212717459034339,65
0.5097089038212163,0.2541405884235168,22
0.4467810168578118,0.24880749086377332,51
0.5149739807002476,0.20174472456592396,44
0.46356757439498825,0.22528508395223892,57
0.4606658919820139,0.24325753212415166,25
0.4719485508344702,0.20322391754660743,58
0.5062398659458732,0.18107778844372588,51
0.4941563515721047,0.24032924097744998,58
0.4536004984927332,0.21907502652452882,54
0.46162879132353196,0.2120699237104027,54
0.43546041529833784,0.222743427811179,43
0.4875272402701292,0.18863665605685503,42
0.45802389733744253,0.16022659526095082,47
0.4890367806800385,0.5490836827834756,65
0.46581234106333896,0.542679937351589,54
0.4833274389935836,0.5231512824399198,40
0.5112697418279191,0.5634024823590831,60
0.5004679768941882,0.5720854005624885,61
0.4989170076963237,0.5344505801714411,61
0.4882103268832417,0.5248121726536317,61
0.48351994812981025,0.5406704222031358,67
0.5154050927095438,0.5317733542161369,42
0.4706651341383318,0.5072833661732262,59
0.512794759089914,0.5770067027063439,59
0.49124811802152285,0.5110583539635224,32
0.5111693696424663,0.5213078697856145,50
0.48922625844153667,0.5654684484413681,57
0.4901345425150307,0.504164199464457,55
0.501520318631166,0.5231302312265279,59
0.4930394415534112,0.5369188433621314,68
0.5037079102039442,0.5008287778507552,58
0.46717800906044227,0.530334579565166,46
0.5147582647063778,0.5051249936846359,56
0.5013378467134846,0.5464457804947876,56
0.5418490712204653,0.03589573755031229,42
0.5534381852169961,0.05723528520183897,35
0.5700258172081039,0.04200456390306323,39
0.5510677175432392,0.0586524360464136,37
0.5676954815675577,0.03644604995031914,34
0.5481941595513566,0.03418924198790824,44
0.607638255949073,0.0013310429613163258,17
0.5635827312686303,0.0706039340507587,43
0.5240479294026509,0.07846782532545173,47
0.573227235217838,0.03320414624698956,35
0.5948530625305244,1.5156873642221243e-05,37
0.4630993954091514,0.1453181090958083,79
0.5225519291331954,0.12319543946513063,45
0.5006533454588323,0.09056444197443528,45
0.5157083143872413,0.07742383670994782,38
0.5650600380605939,0.020894760774010895,42
0.49158353963522466,0.10159297057882413,41
0.5285896529075937,0.0699378905000083,37
0.5472020411256505,0.027669647518482908,29
0.539985011536065,0.07281075801209184,44
0.5669623941123967,0.016167668704424126,41
0.5355740750096836,0.06280552047019979,47
0.5417017800906045,0.08751376749355823,46
0.5178171744219338,0.05130460263729591,42
0.552904932720322,0.031438909378736564,37
0.5684413176375487,0.052331497667525394,45
0.4748251065191398,0.10504252345105167,44
0.5676093063204164,0.06803794270701763,44
0.5803325586486805,0.05420475252193522,39
0.4753958470166222,0.13384580407214677,56
0.5572414489971204,0.04496353929840508,50
0.5221246568652218,0.05062597888142265,42
0.4889095639872683,0.11514946361508266,62
0.4671187793664428,0.11395865541689822,39
0.5437266710453191,0.029706731335994094,39
0.5432557806631976,0.044249600026945404,41
0.49767527240270143,0.0616711295239057,44
0.5389604742417353,0.0330020714393976,41
0.4903400191987067,0.05947700365449058,45
0.5368139409555567,0.0355707404974823,39
0.5310277033968238,0.03315291601407904,40
0.5904442648074236,0.0435598443894306,44
0.6104328466292798,0.025756934269691292,38
0.549394684989643,0.03241927280688448,43
0.558683524478351,0.02123887232860085,40
0.5390511291870864,0.056029774836221395,40
0.5668464103470925,0.04285102477306784,33
0.5857638559086547,0.03486475016419945,41
0.5945914717324308,0.022858131662709013,3
0.5235205712457267,0.09069367958369122,45
0.5473615251183079,0.0637337947759308,40
0.4838439347243976,0.08913068593273714,44
0.5566690244025666,0.04024318361710372,38
0.6634462352009971,0.9634182118257295,42
0.735194900554068,0.35666051971235624,36
0.5786240758517321,0.3235682648747874,48
0.5387356472827094,0.30818681688812544,73
0.5740731066538676,0.3234444332171305,48
0.5353478502500885,0.28887891342056954,57
0.5806297175769212,0.3187076575893835,61
0.5601174320887856,0.27097003991310054,56
0.5771697233028513,0.32220682396133304,54
0.5735611579851464,0.3216197477222587,64
0.5638077603193048,0.3258017986156721,58
0.5684060694858453,0.3288743495175061,18
0.555122534902912,0.3186864379662844,23
0.5721493120463464,0.2713036763839068,31
0.5622795095909329,0.28935421613701806,65
0.5904158035669177,0.29448795028545455,26
0.5770343724212265,0.3197260142474612,61
0.5353354552956434,0.27431265262129706,58
0.5860342882163728,0.313534414523653,80
0.5655837585678439,0.26274991158490374,64
0.5341686454807256,0.2639407871469711,48
0.5677266373633777,0.29209208642786155,44
0.5490945957324981,0.36282791896124894,22
0.5520985196786744,0.3292555785715488,42
0.5895215648629989,0.291877178800586,33
0.5419324845484094,0.2755596928206942,44
0.5466220717762172,0.2753488438673604,46
0.5727860186261137,0.3050855521312248,15
0.5602119772983716,0.31976953131578506,31
0.5878571212044662,0.32714528705434565,64
0.6007595277791813,0.8598990215396016,46
0.6114067599656445,0.8678376698832921,45
0.6120234763131748,0.856628488186059,48
0.6074907964095052,0.8678654911669108,48
0.6039359201064349,0.8629584701662203,46
0.603533606157059,0.8773808922346285,44
0.6146346182993988,0.871940315599791,44
0.6123454419912765,0.8783009481466512,46
0.45643345290422555,0.14456479563482044,85
0.4405270550194514,0.2984210579497802,91
0.43531046329510437,0.24614425975513218,50
0.5642850334293269,0.8185752875595748,38
0.5779892386197142,0.8182465181293049,42
0.5607887805453107,0.8252030347429226,40
0.5631931659340845,0.7940487714511865,47
0.407618855150811,0.701796931575136,49
0.4163275063574665,0.7026371107630642,43
0.41537191599723816,0.6491963320365784,53
0.38449352464676073,0.7333850351134239,58
0.3492410111318817,0.7415998080129339,54
0.39577217534818715,0.6992138466461207,34
0.35012517893531386,0.7149335792115057,36
0.4159392377776656,0.6996384748816921,43
0.4173239360716752,0.719267569342697,64
0.42178829215716,0.6224330150389867,56
0.4201247915929875,0.6966820761548695,12
0.3656042540292023,0.7211749945266844,35
0.3801056939321983,0.7037021337509894,56
0.42723203489449135,0.6493728590915981,37
0.3767190420855859,0.7360784115596423,51
0.38808145977534153,0.7147251890398962,49
0.3557152528671753,0.7121219959918489,51
0.42034594722039786,0.6705503797638895,55
0.41479816096599814,0.6597062934707555,32
0.3705160578655754,0.699646188046279,37
0.39897157244143555,0.7083708718570538,58
0.3443058825510703,0.7361965004462858,67
0.42403125684164444,0.7191066201855876,19
0.389302430152074,0.7208019670253794,77
0.3851110493608852,0.7161881473248117,51
0.35327209956381894,0.7421853180417319,53
0.38485365196449933,0.7049185233836878,51
0.37565243604641374,0.6976056349888008,49
0.3797451792721333,0.7105336566799709,61
0.40768197510904536,0.7158505700668586,23
0.41981506930059453,0.6277141582040788,36
0.36731093484228433,0.7015237373482207,40
0.39182389396924844,0.721676754408124,87
0.3699827548459894,0.7368749221105105,52
0.39958010407719907,0.7260226679465805,64
0.41449839168729696,0.6736706411357549,46
0.45971580861920885,0.6824298826184341,53
0.42541501204129417,0.7079076104346655,41
0.44818802943801683,0.7244818875359975,54
0.48829596321932,0.6526575557015107,18
0.4793941966014922,0.6869583185974839,53
0.47375073679246876,0.6698038532140993,61
0.4805644419744355,0.6661543138146483,67
0.4384226241600566,0.6974356085484766,46
0.4866405126391486,0.6753817679651055,44
0.478643779787467,0.6716700685427507,67
0.4395089172939929,0.6747031778911736,50
0.47594674885060384,0.6633080887182338,39
0.4711386011889726,0.6693275737213492,26
0.48473699456036656,0.6544093703161049,69
0.47726576735883064,0.6698208457535493,59
0.43264125364186,0.7185699489718587,45
0.4796847370282424,0.6752201956920796,60
0.4853449872850672,0.6795264319035349,57
0.4707716364371243,0.6736588524562556,30
0.42723184964381355,0.6882854207716532,44
0.49352833493322557,0.6658343353710907,54
0.45385910843901045,0.6606948584516411,43
0.47910035534448214,0.6587793664426818,40
0.4664729955034609,0.669559945435255,37
0.4707708112295594,0.7096886104515063,59
0.47337518314555665,0.6752116404789571,27
0.44585267518819793,0.6750196197308812,33
0.4967884268849257,0.6544754879671264,63
0.46291380791188813,0.6964773573148756,58
0.46147339968675805,0.6876037824820221,58
0.6418003671331616,0.13370952693713264,36
0.6297971505077553,0.1970840364438606,16
0.7045685680122603,0.1278519173445157,13
0.6322427794338066,0.19793192879637583,7
0.6457318243823574,0.14017581973424942,19
0.7205830344061033,0.1278360699910743,31
0.727959143805049,0.13124166792973938,23
0.639629431280419,0.17852739183886546,44
0.6437539702588457,0.12696128260832945,37
0.626169150709847,0.21171722326074874,13
0.651583640681049,0.1555257919466478,6
0.6366992034220854,0.1399447447750887,39
0.6859226325805421,0.1370097172401016,37
0.7107279509590934,0.12458057562437896,28
0.6945522827935803,0.12130253119789818,16
0.6686184846494553,0.17300249246366545,9
0.6894319203758905,0.12031844591522238,21
0.6303996362350327,0.19581744387746505,36
0.7082704154667476,0.1334871419188602,37
0.6245306926691255,0.16362567574394993,8
0.6638578116842656,0.13587509052021743,23
0.5802221324037119,0.5516893682951886,51
0.582239175466074,0.602746593913673,58
0.5680603748800082,0.6146062244227758,44
0.6125944020613349,0.6131886693949038,54
0.6111768638744338,0.6064512032873574,44
0.5656403610704122,0.5997754424965054,50
0.547639199043433,0.6007147644790246,54
0.5430048670405363,0.588654423280958,17
0.5663709223799661,0.5698802606982267,61
0.6158599504875463,0.6044219505212282,45
0.603125936778996,0.5913466882231092,48
0.622879536536486,0.6122261405547416,48
0.5791076643257718,0.593432122467539,49
0.5711796257936309,0.5785422624160057,49
0.5626599639603227,0.5728450967513766,67
0.6187615486956669,0.6049410229205612,45
0.5900286970140959,0.5922479496118156,53
0.5939053200626484,0.5823124505296484,51
0.5506370602401524,0.5789006382727899,66
0.6068597820778391,0.5666254062884185,51
0.556587867764698,0.5754584954276764,57
0.5785196955152496,0.581330706141902,52
0.6019221778743327,0.6058039542599235,53
0.6206736725104836,0.5915428855319221,54
0.5990435002273532,0.6570219606258104,51
0.5813121137102343,0.6360431465669681,50
0.5904520958588054,0.6333883191027131,47
0.5522306370939222,0.6470765758938345,57
0.5584333686993719,0.6221183415012042,14
0.5847747183347649,0.6530116876336753,54
0.5542666430893077,0.6270454537799557,53
0.6094381346940839,0.6432165580424056,52
0.5528390508428906,0.645514845315684,55
0.5548307819262703,0.6180146516445207,44
0.5642647569005879,0.6260223479681368,54
0.5822955253540815,0.6426937637885446,45
0.580253456609239,0.6453852203641017,44
0.5772867006854276,0.6359908385119318,46
0.5815110392563028,0.650727193115411,65
0.5895262466528571,0.6404641539938362,52
0.59751097189242,0.6531499351622627,40
0.5631761228717224,0.6413458798565149,49
0.5715346334562725,0.6401353003587127,47
0.5601455396689066,0.6176976203708381,52
0.6038478081476617,0.6473708550160833,49
0.6087886121356035,0.631165563583085,45
0.6089013287525894,0.6184169992758382,56
0.5832360767274627,0.6480918843362131,58
0.5773165597265028,0.6408691119756141,61
0.5742035736539856,0.6346537833240709,50
0.5475713636133988,0.6298448104548745,26
0.6068158439852473,0.625250745212954,44
0.5477763182269827,0.6137632159517673,50
0.5750029640108456,0.6283121473921756,18
0.5748390340019199,0.6448800249246365,46
0.5504896175415552,0.626143687162128,57
0.6106973509153069,0.6408406844170497,54
0.5886200003368195,0.6283450378079791,47
0.5480342713754022,0.6162707691271325,56
0.5726938311524278,0.6191025109887333,52
0.5950931810909581,0.6484041832971253,40
0.5466168342343254,0.6205700163357416,51
0.5566724262786508,0.6383170481146533,52
0.600293319186918,0.653536890146348,18
0.6233355563414676,0.5358616009026759,51
0.6275456979740313,0.5330126644099766,67
0.6345951935869585,0.5213032048367267,56
0.6129271122787519,0.5723475639535861,40
0.6251508782566227,0.5494283669310698,13
0.6385668165513061,0.4942069586890987,54
0.6113316323952914,0.4751606628606072,71
0.6092597046093737,0.5500180535206048,44
0.5881028478081477,0.5519120901328751,17
0.6135259940382964,0.5475147611108305,64
0.5976710958419644,0.49037621044477003,52
0.6049439700904361,0.5573526499267416,68
0.6339565166136176,0.4962946833055457,50
0.6083490627999798,0.5139844389430607,55
0.6026401758197343,0.4760416308796039,57
0.6099660486030415,0.5665480388689603,71
0.613059617036326,0.5132319506896378,43
0.5929570386837099,0.541746779164351,74
0.6029999326361173,0.5149803297462064,46
0.6237553343774737,0.4677595951430641,54
0.6267433099243841,0.5137678977416259,57
0.5809987200862259,0.48155955809292833,51
0.5549797234712609,0.464852894120817,42
0.5645827649505718,0.4873635460347935,48
0.5438280200070732,0.40662203809427566,33
0.5640791694033245,0.49640423382003745,51
0.5699417302413312,0.4919414271038582,42
0.5499567523872078,0.49564681116219533,48
0.5316192930160495,0.4807998113811281,18
0.5422170801124977,0.483139510601391,18
0.5662288014281144,0.4640260024587817,49
0.5426508698361374,0.4521489583859613,58
0.5651829771468028,0.4794805065763989,54
0.5388586874147426,0.4512807726637363,56
0.5606372791727715,0.41091254483908446,47
0.5664834200643326,0.49726999444247966,55
0.5242329779888514,0.680814092524293,63
0.5631339362400849,0.6620246720220953,29
0.5554040990922717,0.6992807221408242,79
0.547437477896226,0.6475535121844421,59
0.5656143922935719,0.6687737247174926,74
0.5516911702790549,0.6934252850334293,67
0.5293405075868574,0.6204156856801226,61
0.5433092339042424,0.6238728675120833,55
0.533046868421496,0.6402944980548677,52
0.5487635359302111,0.6680036713316156,92
0.5513638323312957,0.6622635948736085,74
0.5291302312265279,0.6007063945165798,54
0.5568995099277523,0.6977523535256572,35
0.5466291113019756,0.6275924148267906,48
0.5427105879182877,0.6451838360363092,61
0.5282419373852709,0.6878093096886103,21
0.5454992505768034,0.6180509944593205,58
0.5517142424089325,0.6472161875410499,75
0.545840617053167,0.6664772057461391,33
0.5657303086949932,0.6675423971437713,83
0.5322977988851278,0.6753184795971638,75
0.5334443490122771,0.6023842772697418,64
0.543263746442345,0.671585038481618,77
0.5313522794253862,0.6031157143097727,17
0.5319449637077083,0.5982798632513179,62
0.5410403509658297,0.6215852742552079,49
0.5463446673066236,0.692110005220701,42
0.5544081240842723,0.6520608295862172,42
0.535598275484599,0.6896997254921773,71
0.538954849357517,0.7010505397531114,71
0.5324774752016707,0.6660853163576348,40
0.5541673824079221,0.6669539231041276,26
0.5259200559120228,0.6331651930817292,42
0.5271887199178161,0.6115131106957005,54
0.5307158254601796,0.635656999949477,59
0.5426935448559256,0.6587261489752269,42
0.41680818134357267,0.5590759696188888,31
0.4212287845871437,0.522389312719985,40
0.4556539012108659,0.5122022937402111,84
0.4546807120362418,0.5119147846881893,82
0.41735878004008153,0.5200170767443034,63
0.42072081038751086,0.5554788898432105,62
0.4382437730510787,0.5339019013455937,42
0.4163758904663265,0.5563764125364187,58
0.4136350898465788,0.570743427811179,58
0.4175724245945537,0.541364455447212,58
0.40896778322302507,0.562450108624261,61
0.4182523451051719,0.5616736051466005,63
0.4121946142575659,0.5732879805992016,57
0.4552107479075095,0.5408781555768875,77
0.398106535980734,0.5886987150339344,48
0.42442139476919455,0.5523291567725963,38
0.4119236430387848,0.5766199666548779,56
0.4126773943650113,0.5684225399552029,30
0.41392089796055853,0.5607898920493778,28
0.41390921032688327,0.5649087050977618,29
0.40814909311372716,0.5549587733036931,25
0.4214164435238048,0.5689854662422742,68
0.40753971942942796,0.562206655551626,53
0.42137189915626744,0.5549006214318194,52
0.44759226325805423,0.5343276747671735,67
0.6502198757136362,0.9085498408528268,15
0.6925697637211811,0.9388756967951633,39
0.6413217299045118,0.9086659593458967,42
0.6570094983074826,0.9082697249869482,8
0.6546371107630645,0.942016874652655,41
0.6525980902339211,0.9157783054615268,36
0.650337476212129,0.9265199986527223,4
0.6529399619394063,0.8976640731571767,32
0.6691894440795568,0.9339126627258794,38
0.645237642937739,0.9166750871520233,39
0.6676743798312536,0.9582106805436266,17
0.6332781117903636,0.899535239731218,43
0.5662121457080788,0.7988271274356253,51
0.5697440677680663,0.803121574967581,43
0.5684295457990199,0.8013485912527997,50
0.5719916805604676,0.7935591370686605,47
0.5763482375924148,0.8133890601054243,41
0.5562327927381735,0.7974390946294144,36
0.5551621111840888,0.8092377103016218,39
0.5716290270971219,0.787952137961232,44
0.5714173529362233,0.8061108135872951,41
0.5696461880462791,0.8145250509439362,36
0.566434480203439,0.7924708061772681,43
0.5648461577325319,0.797171087421479,45
0.574010643493491,0.7821410936526382,49
0.6146247663315314,0.9117600835312146,42
0.6225771569073242,0.8573551592313781,22
0.6097392512504421,0.8924664443658532,54
0.6037566984961014,0.8989335455295644,26
0.6283411307027738,0.8985440980818133,44
0.6183057983462168,0.8691269303962681,46
0.6200591623301168,0.8728493406759965,45
0.621997238080803,0.8871861264083261,43
0.6185987301908082,0.8933971606123378,43
0.6164121322353021,0.8950683069772141,37
0.620377103016218,0.8958493911989086,44
0.6196520487040873,0.8805720709341686,48
0.6279625119991917,0.6401997844355748,51
0.6414960002694556,0.6782242712069924,22
0.6591041108809512,0.6408594284174539,44
0.61836322605635,0.6374864177571196,44
0.6132735478873003,0.64267453139999,49
0.6907093922093671,0.6702503073477156,28
0.6284770541774028,0.669752016706243,47
0.6347081628185048,0.6854520790178346,49
0.6459588069856347,0.6992387881237475,36
0.6274712945654188,0.6673801680728877,48
0.6197151686623218,0.6504169824348676,49
0.631606679128985,0.6482369356169688,52
0.7069771973256539,0.6065083952239008,13
0.6660418329712525,0.6489475066942857,44
0.614957611276714,0.6772839050842892,40
0.6236773943650112,0.6931243200458074,44
0.6479282911467017,0.6377437309486519,43
0.6539442395459675,0.6613640344229442,44
0.6110567035483926,0.6852779939035685,43
0.6365560383300495,0.6374630256487984,44
0.622830680880446,0.690139628488186,50
0.6300955556678288,0.6451813267316727,48
0.6404344633624683,0.676922278920157,27
0.687261102409943,0.6435401909766079,48
0.6310873541150913,0.702382508967817,36
0.6422102089964465,0.6871772848987016,47
0.6190834470098857,0.6831249768436652,53
0.618186379022887,0.6906329678842689,58
0.6517605550783948,0.64709771131208,45
0.672322538271106,0.521395442833325,61
0.694273564728271,0.5328353458293336,80
0.7019306825645432,0.5054314319877398,38
0.6613443641691508,0.5267016116808972,58
0.6647747520167063,0.5204666632984724,57
0.6666882231091801,0.4887358662153286,44
0.7152128193469073,0.5501511645531247,58
0.6858535846006165,0.5120252951380116,71
0.6486621196045741,0.5340715404435911,64
0.664871250778895,0.5242110847269236,54
0.6439278195995217,0.471065309284427,51
0.7230253119789826,0.5276911871200257,71
0.6620427592246418,0.516183600262719,50
0.674814985095741,0.5057267720911434,64
0.6675302716448577,0.5272517219892553,64
0.6476582461813101,0.5516706579767257,32
0.6690776200340188,0.5135450243352025,67
0.43922518061941096,0.5519223126020983,69
0.4760278212836189,0.5631615891139965,71
0.49412351167921326,0.5755438791491941,80
0.4352361946142576,0.5872581215581266,73
0.47751636100304823,0.5788279021202782,64
0.4168201384327793,0.5826218360026272,58
0.41951479479277193,0.5913407433604472,61
0.45162350325872785,0.5721653446504655,74
0.4193113221846108,0.6000281244210917,61
0.4413789050000843,0.5899035854426649,71
0.4527621718115833,0.5967010054059515,74
0.4847659441890231,0.5961161016520992,73
0.47173446841475947,0.6019709493255192,64
0.45613722022937403,0.5723286347025043,54
0.4218578958891191,0.580540999343202,69
0.4512627023021608,0.573106182320349,67
0.45201165395173387,0.5809517337779349,62
0.45206184004446026,0.5603965038144799,60
0.4803507468970512,0.5787200357028579,42
0.563775594065242,0.5362361440913455,51
0.5772294077030601,0.4937299887165497,54
0.5604609373684301,0.498209299584028,51
0.5426324121322353,0.507389144310278,46
0.5700990754307079,0.49819075767527227,58
0.5610572761413969,0.5261919028612809,54
0.5328926051297598,0.5203800501860928,47
0.5651455565098773,0.4980801293386549,52
0.5341667256100643,0.5026314690378754,52
0.5550418498122233,0.5692502063018913,57
0.5522841913807912,0.5466813014702168,48
0.5907812526314018,0.5177700365449064,57
0.5725083952239007,0.5452097374492666,64
0.5695621852843599,0.4961814109365264,47
0.5628151366644775,0.5677736236716685,64
0.5586205392478824,0.569438471513498,58
0.5473690193502754,0.5744531399989894,52
0.558723269169235,0.571997709627983,58
0.5303230435002275,0.5729786624901059,58
0.5243247444382695,0.526124050590276,43
0.6782606813856752,0.2789879081830277,6
0.7076943026996078,0.21696731167584501,17
0.709042338200374,0.26006866063759915,10
0.7246720220953536,0.17120850805840448,31
0.6785682985567288,0.21867518819784768,12
0.710893767156739,0.16840681048855646,35
0.6984694083766989,0.1930881793226562,17
0.7226720726182658,0.1449955539837316,29
0.667013472776571,0.20931874905269532,9
0.6971292207682852,0.1712188484144226,33
0.6868929082672327,0.2645296485289411,4
0.7012932349820644,0.18537991545832694,6
0.6910351976287914,0.1696092894794456,9
0.7212642516714663,0.32099115849037524,11
0.6760525606695971,0.2946219538894221,27
0.7092472928139578,0.1488616177436467,16
0.7242805368901465,0.3315423634618298,12
0.682095488303946,0.19626152343421074,15
0.6740129338655081,0.23707612118762525,2
0.6790598864918574,0.2650128833425958,22
0.5959271291197226,0.4718173933545528,52
0.596970427255427,0.4041802152276056,26
0.6042586604691895,0.4738709813233635,58
0.6110355681301471,0.3659356338099328,49
0.5969284090334968,0.43488802438572566,42
0.5950351302649085,0.462784587143603,55
0.6004834874282154,0.394047272604793,47
0.6004360800956567,0.47503152629717577,56
0.6131593492648918,0.40121691170279056,30
0.6074742080533523,0.4718305293117095,55
0.5674237693460652,0.0741648225803734,35
0.5103768167197158,0.14830012293908604,50
0.5652375587328855,0.07094792771855372,43
0.5955000757843683,0.1413731959110123,4
0.5712429815254552,0.07449424880850136,44
0.5645955640883141,0.16751831455565094,49
0.6414072651947659,0.8869577628454504,43
0.6307031273682616,0.8738892200946461,42
0.6532628201889558,0.8901998854813992,47
0.6477798379898618,0.8835145758601525,42
0.629546304248977,0.8805196113103959,45
0.6353597231344416,0.8863287862712407,39
0.6332640832617593,0.8993340743360446,40
0.6366462048872498,0.896513077013759,42
0.6380120581350309,0.8727855470789335,41
0.573439364084946,0.8370420350629011,43
0.5964832684955962,0.8442900688795703,44
0.582664948887654,0.8303488270263899,8
0.5800542616076392,0.8263086781522087,47
0.5716208255443844,0.8275281833644891,39
0.5941073611882989,0.8414169992758381,47
0.5779878239781742,0.8243803533235655,46
0.5935669681200426,0.8439129490223816,48
0.5900278212836189,0.8312084912174339,58
0.5866131123797976,0.8300931305680459,58
0.5891339025581435,0.8375614442816484,49
0.5860261540275182,0.8447077249532663,44
0.5946147291129861,0.8334040485693596,61
0.5824421091631723,0.8373153808585526,44
0.5991784469256808,0.8404900048838815,50
0.5921527812863134,0.8412845450411761,44
0.5931256336415232,0.8249124269522895,31
0.5002644032402028,0.2973248118021522,67
0.46717698176122885,0.26823087286751196,20
0.47120891224170164,0.3327487663988951,40
0.4431859748395898,0.29648454840937033,70
0.4530240994290912,0.33513993162565886,71
0.4598346048266223,0.26761530170599024,30
0.45882941780764247,0.354231344414692,56
0.5106888462250965,0.3008531804173193,21
0.45112428636386603,0.2763121137102341,25
0.5142212735142054,0.29164689536704896,25
0.5274030717930582,0.2642325064416712,50
0.5021890567372304,0.2966383064719851,54
0.5084481382306878,0.30665406962057284,21
0.47810830428265894,0.2915242088954008,23
0.5204425638693815,0.3128900789841526,23
0.4946856969635731,0.29399520032334653,50
0.626496741272167,0.8488804122669631,41
0.5950925411340711,0.8464440290338334,47
0.6234465046565285,0.7552196904629582,44
0.6169009245692922,0.797601677360683,43
0.6114207042893953,0.8491493625692584,44
0.6317600498492734,0.764436416915071,44
0.6548793344448374,0.8464251671466343,47
0.665228060425403,0.8330890550531334,6
0.63944441637616,0.8360994627730343,42
0.6434224220684082,0.8281988581821855,41
0.6501872715943349,0.8115636841307534,42
0.5934692399669919,0.845674228262517,42
0.6273339059263376,0.8147419121238147,43
0.6346606039172099,0.7849321982519071,38
0.5919774667811853,0.8492753330301959,36
0.5934862830293539,0.8447317401775037,48
0.6356432408764042,0.7693649269943919,40
0.6369706461880464,0.815830849290153,41
0.6327548459893229,0.8101145186008523,39
0.6070117381565874,0.8411670792704492,48
0.6366607723269171,0.8033102612034557,49
0.6058689098839657,0.8496813688340995,46
0.5937476212128868,0.8477992219471531,42
0.5913983057983463,0.8426842823220331,44
0.6320768285083953,0.8507064787214336,43
0.6284883544687517,0.8458225972145034,39
0.660134222536587,0.8287692618602536,15
0.6165718520015494,0.7907378029269607,31
0.5952944643729265,0.8606655551625995,51
0.6217787433267654,0.8001010458242812,41
0.6174578554707895,0.8364689536704896,45
0.635761127671399,0.7913848330217752,35
0.5990656629448122,0.8487738089223462,45
0.515485339934994,0.7537206588187743,57
0.5123631418514963,0.7238052678556391,46
0.5157682008790988,0.7093012681250946,71
0.5073544519106082,0.7002239849104902,71
0.505685225416393,0.7333426800720793,66
0.5129069199548663,0.7179709998484312,54
0.5194918573906601,0.8090642314623013,40
0.49520537563785183,0.8006652183431853,37
0.5191571599386989,0.7527170043281295,55
0.5094206537664832,0.7207505010188787,64
0.5098978089897103,0.7578988868118358,60
0.49784294110712546,0.7613783997709627,62
0.5108624261102411,0.7393236666161438,62
0.5107746678118528,0.7343317502820861,54
0.49638463093012686,0.7780902170801125,55
0.514585223732296,0.7622026810825375,41
0.5137890163189007,0.7844305225753212,35
0.5158547634685664,0.7399669748564306,66
0.5156063423095708,0.7696202529513801,34
0.5014071641489416,0.7243245423466208,60
0.5014870577140068,0.6798278852793074,58
0.516362872395965,0.7644949224473299,41
0.5158221930312064,0.7470770137590731,56
0.5070335303726908,0.6919760184577038,74
0.502421664224726,0.7022912140655786,19
0.5047422489432292,0.8076228127789284,36
0.5059792856060223,0.6892507283719834,64
0.5070976271072265,0.7696458343858941,37
0.5010491924754543,0.7847235554657369,59
0.5045311642163055,0.7222460802640662,58
0.498169386483437,0.6859731554926826,40
0.510797756782701,0.7958487007191094,36
0.5087220397783729,0.7101701274861483,60
0.502993010997154,0.7320433149766753,67
0.5125596254568114,0.7088308492901529,60
0.5015774095218849,0.7464989979622425,59
0.4864374105323432,0.7801476784721871,51
0.5221438555718353,0.7838296367402617,33
0.49331965846511394,0.7870634399366779,51
0.512335067953317,0.7596344330487208,59
0.5178531298944072,0.8061633742568922,43
0.5191560147526904,0.7590398962596203,37
0.5071545159062969,0.7877734889439028,54
0.5111351151080349,0.7460207312349483,47
0.49116691086074216,0.7607524545714816,55
0.5191884167803433,0.7461195540510955,42
0.5061466511729736,0.7325054312130552,64
0.5044673537782719,0.6857789285774432,58
0.4967082470233585,0.734643190353492,58
0.5115631957426027,0.7677602014180097,65
0.5177241785816535,0.7157403122315971,0
0.5033633776250864,0.7775325788578453,57
0.5095696289934153,0.7052623149598343,58
0.6974570134222537,0.35003065056669863,28
0.7308400781421042,0.3636736893514541,37
0.6962970915643579,0.39399097323969756,38
0.6981214570807862,0.4598873339059263,51
0.7045116960541606,0.3643661900671955,45
0.7090250762053926,0.35136159248219073,50
0.7094540494114082,0.37262606308627616,9
0.7042660031324206,0.377171323195069,49
0.7023667121372877,0.38287852607824313,45
0.5943671331615554,0.6754913858434799,35
0.6143534751343068,0.7341011468701056,44
0.5719558261338185,0.7116012900183566,57
0.5830990922716787,0.7317904983243233,13
0.5702081543980195,0.6668418127620876,73
0.5813676552316476,0.6796753060846428,37
0.5659037706933429,0.6739571228885634,29
0.5717094427322792,0.6799387662304854,34
0.5921202613718655,0.7349239461762577,15
0.5967928729011941,0.6932646053318513,42
0.6062246080264067,0.7154148267906162,47
0.5873573822395123,0.6921475437444214,43
0.5752185115950084,0.6888378046110578,34
0.5828272621633911,0.6939023392108321,55
0.5636673234645245,0.7082312770508091,76
0.6068652385523502,0.7226981592819011,48
0.5757212145708079,0.6773492312096869,32
0.5662762929655266,0.6671016689401977,82
0.5867742804695263,0.7335371090789672,57
0.5865714309772817,0.6984165445696291,41
0.6109055895181799,0.7223073140335807,46
0.5564263965374965,0.6988610283096718,77
0.5817887973862814,0.7027737752404047,41
0.6055921790532007,0.7073460145842806,55
0.6086422809410735,0.6824085956314523,52
0.5777832230249752,0.6852075649640444,37
0.599807339295037,0.7326585156368414,52
0.5998900284612406,0.7115539837316223,45
0.5827821283618788,0.6744672695734181,39
0.5774875292611866,0.7291226191077654,18
0.577300611327237,0.6739554219505213,74
0.5803403391771503,0.7212027821283618,49
0.6012641843075835,0.7213411138618031,51
0.5785819902659189,0.6642495831859748,76
0.5603765472641844,0.6946225096414557,77
0.6021264251671468,0.69555605517102,11
0.5948351605786558,0.720625136832887,47
0.5999846073527678,0.718426598629145,45
0.6022407416763503,0.7325869415113088,49
0.5715835564761953,0.6729980801293386,31
0.5717866080600886,0.7191525118307819,40
0.6045518617693124,0.6829332929150036,39
0.5973875781000018,0.6870792199262364,22
0.5097885616126914,0.4966958520689132,45
0.4990307010896109,0.43635328988362876,68
0.5074697115141718,0.4407239933309755,66
0.4844168645480726,0.44965508007881577,71
0.5115289917310835,0.49136960878425034,61
0.5025363343943146,0.4492985904107512,47
0.49089280722140827,0.4334415870930799,66
0.48614798160966005,0.43542968052678555,48
0.5157628286094411,0.4682093669479107,38
0.5058357163306894,0.42432021421714733,27
0.5166542717122216,0.42491498677983797,43
0.5154272049040908,0.4080100035366039,67
0.5210648714191887,0.4425086309974906,59
0.48468365920611667,0.46283192711227866,35
0.5251482510651915,0.45619757826841134,59
0.5084710082689167,0.46322400175146083,66
0.5191181730914971,0.48589799424038804,54
0.4998340995975009,0.4494721366139544,44
0.5098666531938902,0.4847687566311322,56
0.5074880176493374,0.4494504286027047,70
0.5295175398709983,0.493846494551946,53
0.5196796173731455,0.4609270785968103,59
0.4952189831421884,0.4779230030818977,66
0.4993300998669564,0.4660308189764058,68
0.5174371747587532,0.4746873979016151,60
0.669921689486182,0.02652198588726655,40
0.6784979706630292,0.02342410616547941,31
0.6497905993701477,0.04800427760656109,18
0.6417464255039661,0.08607152360262035,12
0.6189038380572257,0.023161387022347896,33
0.6167883932029843,0.008115950083362734,22
0.6182370198218226,0.040951026457164925,17
0.6182188147324812,0.06414777951801126,6
0.6491573115074353,0.018175836575220154,42
0.6590830091446472,0.018045824281311428,29
0.6623602620455045,0.02101609996800202,38
0.675009178329039,0.025178935313831384,39
0.676539365769043,0.08993022785833378,18
0.6709310699068695,0.10212923760925569,20
0.6669001498846394,0.12324545714814997,6
0.6757004833358595,0.0498427558564474,31
0.673473635460348,0.022677865912191085,31
0.5800033681941428,0.7890553899526769,55
0.5863072971926103,0.7456789268933463,59
0.5950619410902845,0.7510778221256672,54
0.5928816921807374,0.7376897219555734,51
0.5899579144141869,0.8147137708617523,51
0.5903649101534213,0.771184543357079,58
0.5831560315936611,0.8299361390390542,58
0.5865663281631555,0.7620202428467976,64
0.5943945839438185,0.7837932770844911,58
0.5785624715808619,0.8150147021674329,48
0.6001700938042069,0.7685681133060509,64
0.5855020798598831,0.7911256504824937,52
0.5859347917613972,0.7996364202832652,58
0.5785809124437933,0.8216793815995553,51
0.6082641843075836,0.7644981053907948,49
0.6174194580575626,0.7430975429023728,43
0.5806953805217334,0.7862618770945957,50
0.5781392411458598,0.7392736489331245,50
0.6056480910759696,0.8174597753414505,46
0.582136226612102,0.8063400697216188,54
0.598121356034962,0.7379133700466495,47
0.5916560400141465,0.8206689233567421,54
0.6017138550666061,0.8110555415214133,49
0.6038171070580508,0.7867077081122955,50
0.6053840583371227,0.7413041647720574,47
0.5832402364472289,0.8227459707977567,44
0.5919273817342833,0.8222080028292831,61
0.589045689553546,0.7914825780157969,61
0.5815000084204854,0.8263059330739824,51
0.595169268596642,0.8075376479900301,5
0.5811448491891074,0.7563532562016876,50
0.6090490240657472,0.7952951885346672,48
0.5888492227892017,0.7366605533942976,54
0.5864816517624076,0.7520728371983361,55
0.5807655568466967,0.7993323565570319,59
0.21814835211101571,0.9697298708297545,30
0.2175823102443625,0.9766394684989642,39
0.21761252294582265,0.9800893076676939,27
0.21811091463311955,0.9771353003587127,31
0.21731559979117204,0.9859396756429041,35
0.21013984742080538,0.9767423499890534,42
0.21160866636352924,0.9660106603344618,53
0.218017346199835,0.9775704205190386,54
0.21343303187995763,0.9824076356961216,39
0.2152361777732869,0.965138095959851,51
0.2182393607167518,0.9711447818252243,31
0.21434736186193779,0.9602214082419711,55
0.2110099193317503,0.968957897573216,51
0.216964785530238,0.9819632193199616,21
0.21842425773421587,0.9786370602401523,53
0.21249502349315422,0.9883461829939877,31
0.6085524680442581,0.8831910271308038,50
0.6123551929133196,0.8892374408460905,51
0.6065294127553512,0.8881809225483757,48
0.4857831556610924,0.7035589012950706,41
0.46922693208036514,0.7136238232371714,26
0.49338868960406884,0.7018072719311541,48
0.46885841795921124,0.7190667239259672,31
0.45394637834924817,0.7323320871015006,51
0.4667808484481047,0.7441390558951818,52
0.45994348170228544,0.7444434227588879,56
0.49934145068121727,0.7131550379763888,43
0.4936588692972263,0.7234759089913944,61
0.4906678623755874,0.740400023577359,65
0.46359598511258193,0.7274956129271289,37
0.48511588271948003,0.7480446117314201,49
0.47592520924906123,0.712530776873979,54
0.4831276377170381,0.7462671314774584,65
0.4697619360379934,0.7557773455261961,53
0.4954468919988549,0.7047934454941983,74
0.48388940534532415,0.7071498509574092,55
0.47529885986628273,0.7626521497499116,55
0.4811636605533944,0.724297310496977,58
0.4938658616682667,0.6892217787433267,52
0.47238722443961684,0.7291494130921705,57
0.491311844254703,0.695942016537833,48
0.4825150642483033,0.7291244716145437,67
0.49591335320567886,0.7099780898971015,61
0.4893881338520353,0.7174699136058201,44
0.47565314336718373,0.7510719951498005,43
0.4960645514407451,0.7230601896293303,54
0.6539396588019334,0.4608075245457149,65
0.6733441115545901,0.43242373566412373,49
0.6638651711884674,0.45528213678236423,58
0.6412644200811736,0.3482567911214401,17
0.6444300173461999,0.37423637986493524,41
0.6513352532039948,0.35108767409353475,33
0.6409273648933126,0.46280669933814983,56
0.6498077097963927,0.3528833762778087,41
0.5133976658414592,0.6726251705148284,47
0.5078138735916738,0.6773673184122334,67
0.5018300072416174,0.6636889135889792,29
0.5218988194479531,0.6793056299365096,47
0.5169568702740026,0.6302581720810387,69
0.5146398558412908,0.6471968204247294,41
0.4980029640108457,0.6546082116573199,66
0.505039155256909,0.5892978662490106,51
0.5148622240185925,0.60960891897809,50
0.5157653210731067,0.6830853163576349,48
0.5136171710537396,0.6772147392175685,65
0.4990984691557622,0.6179465130770138,74
0.5078832920729551,0.5949663012176021,18
0.5081237474528032,0.6256993213088801,68
0.5047258289967834,0.6663434042338201,57
0.5020188787281699,0.6604504791256167,48
0.5227487495579245,0.6192003907105206,19
0.5197996092894794,0.5868032806210949,51
0.516911231243369,0.6509638087539364,66
0.512960440559794,0.6672425941831288,61
0.5094878323986595,0.632616379528116,46
0.5066247663315314,0.6848390676838613,67
0.5002470065174558,0.5765122686471648,69
0.5230596844002089,0.7012816147122721,64
0.5189976254231294,0.6317025042523451,71
0.5177069671095843,0.6812461813098908,26
0.5131404200138097,0.6235327977904647,46
0.5150119570892068,0.6378805469947286,45
0.40599776015089517,0.4353473113390256,35
0.47063369204600963,0.5067818252244058,74
0.39628220414624704,0.4844348338638238,34
0.40119655096919793,0.35341097020832285,56
0.34785316357634866,0.44684081914481555,83
0.4656932585594234,0.4610481988581822,61
0.4438176796510551,0.3259195338419305,43
0.4596618669900134,0.4608584516411526,82
0.46715284865019624,0.4541456743966721,48
0.4438703413664764,0.3674857104363495,66
0.44272025463547726,0.2974411323868707,71
0.45398110443085943,0.4570302632243721,77
0.4005341787500632,0.4935487630307011,59
0.45300015156873646,0.49598657774634114,84
0.4112739520705974,0.48564076525370914,77
0.4578891695717342,0.5051538759494097,45
0.416554943666953,0.4392066723925966,28
0.34938855487630316,0.4357121204466224,95
0.4540713720338841,0.4439190791357214,31
0.46604166456154533,0.47234591353845634,47
0.4242133077350579,0.3391492446824634,19
0.41064950571750963,0.5026221054581586,65
0.4525774263628556,0.450096128260833,35
0.4561371528654912,0.46894210074268666,79
0.3695318715370755,0.45238436147459526,65
0.47341401842402203,0.37581309890702097,58
0.41884002761919203,0.483973660721804,100
0.3760894760774012,0.44960839690799764,72
0.4162105626568316,0.5102149918321291,70
0.46125352397312186,0.44219453005271225,39
0.5006823287694304,0.376069250071574,52
0.46239449973896507,0.46655869920342213,49
0.45241629195506833,0.4841315279812727,44
0.45940743360447306,0.45168608430589935,81
0.41737321275198314,0.4454455110392563,34
0.3933413159534516,0.4573582411290185,27
0.37097128614493347,0.4149455363007123,94
0.6064889439027267,0.2045190555583624,44
0.6105038986847202,0.20757338452988416,44
0.5962779602216273,0.2068202226376328,44
0.5850010778221257,0.23544111554589994,9
0.5412415668839153,0.2019002004075514,17
0.5574405092709545,0.24601559473888074,31
0.5932840061301133,0.20324151636100293,53
0.555386921302144,0.2415288233213763,51
0.5914174708230183,0.1969776015089509,17
0.589494568786945,0.24008831405042183,9
0.5885966082284984,0.20813942639653749,44
0.5385587328853636,0.18420492093164256,18
0.5527573216120178,0.21673741558463414,20
0.6033044342275891,0.20504099092271677,45
0.6299801276545581,0.8574270364943835,39
0.6576127924013542,0.8638434463362467,39
0.6421134744606679,0.8619246198150862,35
0.20600673638828548,0.9999853820374206,32
0.2164805570993113,0.9997983798986172,31
0.2165180114181782,0.9968651038245845,26
0.5613163407938835,0.7935238047121037,35
0.5621128681857224,0.7932733794775931,48
0.5242257363714444,0.707302244901396,64
0.55105121339194,0.7879145825965408,35
0.5257863891274694,0.7289314404082251,17
0.53662709038549,0.7899046801057613,50
0.5482180400478285,0.7694020108119031,10
0.5275271897472171,0.8065282002054599,39
0.5381476616312164,0.7866723925967094,52
0.555339766584146,0.7772411121777059,10
0.5606923323060342,0.7925077889489549,49
0.5556454302025969,0.7813415517270416,40
0.569241987908183,0.7760560130685933,58
0.5527585510028798,0.7860671281092642,11
0.536379864935415,0.7343538961585745,49
0.5308439515653682,0.8043983057983461,40
0.5410352144697621,0.7905858973711244,34
0.5401997339126627,0.787529766415736,52
0.5402240859563145,0.7977177621718116,11
0.5649258155240069,0.7860312568416443,51
0.53643048889338,0.7569677663820542,55
0.5564778793849678,0.7701087926708096,47
0.5325081257683694,0.8030103235150474,37
0.5283947186715843,0.8060366459522726,43
0.5449806834065916,0.8064205358796881,11
0.5588462250964147,0.7689348086023678,48
0.5336145775442498,0.7722612371377086,36
0.5620315262971759,0.7835830849290153,43
0.53942813115748,0.7858832078681015,53
0.5356004648107917,0.7456925849205949,34
0.5351428619545632,0.7440044460162685,70
0.5413812964179257,0.7519565839775005,54
0.5542291045655873,0.7620384816180805,8
0.5357462907762004,0.7427927886963404,65
0.5557727479411914,0.78803280621095,38
0.5291631721652437,0.8037339800266087,38
0.5281645531248422,0.8080595328314722,38
0.56334646929049,0.774087303592179,8
0.567607571700433,0.7746833055457317,10
0.5289945940484011,0.7226253389245355,45
0.7012580205123023,0.09735933579211498,24
0.6895605517102006,0.11961392074639175,7
0.6860733592684283,0.0835117970999847,26
0.7180479630845923,0.01176249179002665,34
0.6764737196652016,0.026542312938917702,51
0.6847445056333047,0.020226948921335728,34
0.692086427861702,0.08691456575557012,28
0.701431482510652,0.08234055810976931,31
0.6987702723184965,0.0055789083682784065,28
0.7182537597467119,0.023308408696677205,32
0.7074928846898736,0.04025362501894608,41
0.711625322083565,0.027063439936677938,46
0.7059703767325148,0.046075279139089424,12
0.6767746846528234,0.05325606695969945,45
0.6891599892217789,0.020334512201283246,28
0.7062865154347497,0.02209110965156022,38
0.7221826234864178,0.06808196500446276,39
0.6956011384496203,0.04079949140268429,46
0.7251601744724566,0.04572013674868218,42
0.6772499536873307,0.038393792418194815,36
0.7169927920645347,0.03353830478788781,37
0.7131693022785834,0.11601374223210222,47
0.7252517219892556,0.10541418683372908,24
0.6981628185048587,0.026119183549739664,39
0.6833865508007883,0.0978718065309283,22
0.7320894592364305,0.02709021708011237,37
0.7031334310109636,0.11442496505498569,17
0.6924157025210934,0.06148161808046616,31
0.5720558614998569,0.778038616345846,52
0.5879966149648868,0.7334442648074235,49
0.5548111790363597,0.7028932787685882,75
0.5624800013472777,0.7294716987487158,35
0.5461279745364523,0.7330936357971674,58
0.5884494349854327,0.733967951632732,47
0.5691930985702017,0.7379839673958806,54
0.5534886070833123,0.7163253507132151,83
0.5726179794203338,0.741479866619512,54
0.5799350106940165,0.731388908536688,54
0.5353312955758771,0.7229377894541842,66
0.5754466057023528,0.7450903854898197,52
0.5824264975833209,0.7316171036898567,48
0.5444309772815306,0.7235818555381531,72
0.5438484312635781,0.7318501153606493,61
0.5660334461678371,0.7494450900149885,44
0.5699579480961283,0.7176044224389093,60
0.6925401236127251,0.5642878795533774,23
0.6576564105155022,0.6105695616295324,48
0.6371867158423012,0.5903452398996277,58
0.6335743276242444,0.5861553747958032,61
0.6391989760689807,0.6001300291348793,58
0.6695700500176831,0.6259620404520116,46
0.6946937132656327,0.5403103454083095,20
0.6625090857037,0.5502657168359184,10
0.678943683793934,0.6022828777850754,67
0.6434497044409639,0.6019122922245238,61
0.6750699742333148,0.5954025834049075,8
0.6267033799828222,0.5635808956028224,50
0.6240236278819111,0.5810713720338839,64
0.6319069031138956,0.5952333316492362,51
0.6235322251974604,0.6122315970292529,46
0.6561767628286095,0.6173520941747082,45
0.6501034540830934,0.6095470452516883,50
0.6606266525202513,0.5791791710874216,74
0.6301285976523687,0.611072315128244,44
0.6769742164738376,0.5815303221677697,61
0.653890769463952,0.6023663247949612,48
0.6402650768790313,0.6122164401556106,47
0.6270549689284092,0.6124112228228834,39
0.6236056518297715,0.5911212718301083,54
0.6392007275299348,0.580730729719261,74
0.6431123797975716,0.613797638895906,44
0.6676508024722546,0.5304956971319827,67
0.6690345071489922,0.5652857070681553,64
0.6436992876269388,0.5657673588305631,77
0.6832701796931576,0.5811650583539636,64
0.624800165041513,0.600615604843463,54
0.6373840078142105,0.6053087455160916,49
0.632211303659543,0.6053980363428149,52
0.6499816770238638,0.6000970881961635,49
0.6043247612792402,0.30184240219606245,74
0.659697872985399,0.3178345879856514,49
0.6143532056787754,0.29298359689452486,18
0.6390579329392546,0.31621527812863126,23
0.6292151770828072,0.25980092288519496,19
0.6543296451607472,0.2897626938816752,12
0.6004958992236313,0.3257845534616614,25
0.6098351268967144,0.22825914885734006,13
0.6293649943582749,0.3004077535829166,14
0.6612560501187289,0.24892022432172978,8
0.6169229188770441,0.32494333013354887,15
0.6624419744354065,0.28978371141312576,32
0.6314493507805791,0.24258315229289804,13
0.608538422674683,0.24202478990889034,33
0.658235403088634,0.23177655400057254,48
